factor,phase_y,phase_x,ties_foreground,n,failures,volume_median,volume_p05,volume_p95,surface_median,surface_p05,surface_p95,sphericity_median,sphericity_p05,sphericity_p95,components6_changed,components26_changed,euler26_changed
2,0,0,False,550,0,0.8897870605501845,-2.819262612920077,1.3155313625984386,-5.9046846960196415,-7.881048242774313,-4.82747233616041,6.831481737244083,5.623915783680311,7.718682537467866,5,4,10
2,0,0,True,550,0,0.983830903743732,0.4467148151756151,1.4604544893430726,-5.836648948639612,-7.675583503740168,-4.723576228665348,6.899534227662296,5.68212042480889,8.69201734319922,2,1,9
2,0,1,False,550,0,-5.3667431389520015,-7.901998725173445,-2.9345158831438907,-8.994621070448577,-11.465755023697394,-7.304726670903409,5.986211634117411,4.391951584212678,8.42683483776752,7,4,9
2,0,1,True,550,0,2.611289106808956,1.2556036494454736,5.275198427758701,-7.5870251723955615,-9.046380110831498,-5.274458256701282,10.173986057964479,8.328789805626805,11.785402924094956,5,1,7
2,1,0,False,550,0,-3.4300205389245777,-4.678322215357528,0.3204213230618949,-8.186513168878301,-9.405123723734778,-6.5075969519827535,6.549508020012063,5.239942284120008,7.637831023990215,6,4,10
2,1,0,True,550,0,0.582440451722499,-0.36361833427175416,2.2770130468228253,-8.289574591664696,-9.463219410624387,-5.955946066438929,9.473049050623084,7.114085344791108,11.157873464437362,3,1,6
2,1,1,False,550,0,-5.470807718983133,-7.738407410642887,-3.506879041038075,-12.341057615323276,-14.03705239034007,-9.23140220398748,9.848366622242477,6.420834569477067,11.360429484951869,5,4,8
2,1,1,True,550,0,6.938393217783889,2.964218905091354,9.603897892030131,-5.241078217603268,-7.665456558509862,-3.090799163497986,10.305778115448216,8.357247597712195,12.152932557967306,2,1,9
3,0,0,True,550,0,-0.08437546043561506,-0.9253057865166725,0.411160176245787,-10.604866686906206,-12.140913071081163,-8.670747700697175,11.76055648702936,9.242740581125918,13.747839715685677,6,1,9
3,0,1,True,550,0,0.010530300325928277,-0.7513082474508398,0.5864104636212522,-10.46936313463997,-12.087870104556659,-8.50742242510626,11.73439798530631,9.121638902733386,13.810621658806463,6,3,7
3,0,2,True,550,0,-0.017657410176741273,-0.7137991199767413,0.5379084113456021,-10.613570361998365,-12.183562517992522,-8.565042819724985,11.888083098404955,9.35181505520851,13.920793531485671,3,2,10
3,1,0,True,550,0,-0.2233519376890758,-1.2742845749708787,0.26316208749641223,-10.752512328867216,-12.281584756958658,-8.592937348646414,11.797738739622643,9.112895211994687,13.867697684375543,5,3,8
3,1,1,True,550,0,-0.14568812932251318,-0.9320472998214351,0.36172417822377434,-10.62339359268038,-12.243927657610707,-8.597372297003387,11.728898092151084,9.28853655943445,13.869132073559859,6,4,9
3,1,2,True,550,0,-0.11457020594434764,-0.9340983217256964,0.33749120308185315,-10.726365501014051,-12.297720300447924,-8.523411203644855,11.89948154523729,9.376404235309353,13.822405864558728,5,3,10
3,2,0,True,550,0,-0.1560692559558874,-1.0348892168013444,0.3276777447879203,-10.875175544876676,-12.362272391032873,-8.865529308977043,11.960515607081046,9.406215711966986,14.073224719089042,4,3,10
3,2,1,True,550,0,-0.06213166744034049,-0.8397447945566816,0.505640118242941,-10.681641254739949,-12.334296735701106,-8.644446185656495,11.877367539288198,9.33521210224957,14.063595869513687,5,4,9
3,2,2,True,550,0,-0.06245069828543781,-0.7869494986287656,0.4358925014843994,-10.860256406759694,-12.334660885751216,-8.804895100143819,12.107741295443853,9.554224519892498,14.049359261830299,3,3,9
