final_number,bibtex_key,title,identity_evidence,paper_url,access_result,verification_record,claim_or_action
1,ref1,Mechanisms of mitochondrial fission and fusion,Europe PMC indexed article record,https://doi.org/10.1101/cshperspect.a011072,Publisher blocks automated access (403/challenge); reference identity verified separately,https://www.ebi.ac.uk/europepmc/webservices/rest/search?query=EXT_ID%3A23732471+AND+SRC%3AMED&format=json&resultType=core,Fission/fusion regulate morphology.
2,ref2,Mitochondrial bioenergetics and structural network organization,Europe PMC indexed article record; Crossref metadata,https://doi.org/10.1242/jcs.03381,Publisher blocks automated access (403/challenge); reference identity verified separately,https://www.ebi.ac.uk/europepmc/webservices/rest/search?query=EXT_ID%3A17298981+AND+SRC%3AMED&format=json&resultType=core,Experimental bidirectional morphology–bioenergetics relationships.
3,ref3,Mitochondrial morphology and function: two for the price of one!,Europe PMC indexed article record; Crossref metadata,https://eprints.ncl.ac.uk/266059,Public landing page/copy retrieved (HTTP 200); full-text entitlement not implied,https://www.ebi.ac.uk/europepmc/webservices/rest/search?query=EXT_ID%3A32277765+AND+SRC%3AMED&format=json&resultType=core,Method combining EM morphology with COX labeling; corrected misdescription as a review.
4,ref4,Metabolic regulation of mitochondrial morphologies in pancreatic beta cells: coupling of bioenergetics and mitochondrial dynamics,Europe PMC indexed article record; Crossref metadata,https://doi.org/10.1038/s42003-024-06955-3,Public landing page/copy retrieved (HTTP 200); full-text entitlement not implied,https://www.ebi.ac.uk/europepmc/webservices/rest/search?query=EXT_ID%3A39369076+AND+SRC%3AMED&format=json&resultType=core,"Live-cell imaging, network analysis and biophysical modeling in beta cells."
5,ref5,Single Mitochondrion Morphology-Function Relationship Analysis Using Fluorescent Probes and Artificial Intelligence,Europe PMC indexed article record; Crossref metadata,https://doi.org/10.1002/advs.202509140,Publisher blocks automated access (403/challenge); reference identity verified separately,https://www.ebi.ac.uk/europepmc/webservices/rest/search?query=EXT_ID%3A40841958+AND+SRC%3AMED&format=json&resultType=core,Fluorescent probes and AI link individual-organelle morphology to functional biomarkers.
6,ref6,Combining mitochondrial morphology and cellular metabolism measurements improves colorectal cancer cell classification,Publisher article record,https://doi.org/10.1016/j.adcanc.2026.100175,DOI routing page retrieved; direct publisher access restricted/unconfirmed,https://www.sciencedirect.com/science/article/pii/S2667394026000067,Combined morphology and metabolism improves colorectal cancer cell classification.
7,ref7,Measuring mitochondrial membrane potential,Europe PMC indexed article record; Crossref metadata,https://doi.org/10.1038/s44318-025-00632-9,Public landing page/copy retrieved (HTTP 200); full-text entitlement not implied,https://www.ebi.ac.uk/europepmc/webservices/rest/search?query=EXT_ID%3A41249505+AND+SRC%3AMED&format=json&resultType=core,Interpretation limits of membrane-potential measurements.
8,ref31,A simple ImageJ macro tool for analyzing mitochondrial network morphology in mammalian cell culture,Europe PMC indexed article record,https://doi.org/10.1016/j.acthis.2017.03.001,DOI routing page retrieved; direct publisher access restricted/unconfirmed,https://www.ebi.ac.uk/europepmc/webservices/rest/search?query=EXT_ID%3A28314612+AND+SRC%3AMED&format=json&resultType=core,MiNA network morphology analysis.
9,ref32,Quantifying mitochondrial content in living cells,Europe PMC indexed article record; Crossref metadata,https://doi.org/10.1016/bs.mcb.2014.10.003,DOI routing page retrieved; direct publisher access restricted/unconfirmed,https://www.ebi.ac.uk/europepmc/webservices/rest/search?query=EXT_ID%3A25640425+AND+SRC%3AMED&format=json&resultType=core,MitoGraph 3D volume estimation; corrected entry type to book chapter.
10,ref33,"Nellie: automated organelle segmentation, tracking and hierarchical feature extraction in 2D/3D live-cell microscopy",Europe PMC indexed article record; Crossref metadata,https://doi.org/10.1038/s41592-025-02612-7,Public landing page/copy retrieved (HTTP 200); full-text entitlement not implied,https://www.ebi.ac.uk/europepmc/webservices/rest/search?query=EXT_ID%3A40016329+AND+SRC%3AMED&format=json&resultType=core,"Automated organelle segmentation, tracking and hierarchical features."
11,ref9,Convolutional Neural Network approach to classify mitochondrial morphologies,Europe PMC indexed article record,https://doi.org/10.1016/j.compbiolchem.2025.108477,DOI routing page retrieved; direct publisher access restricted/unconfirmed,https://www.ebi.ac.uk/europepmc/webservices/rest/search?query=EXT_ID%3A40273826+AND+SRC%3AMED&format=json&resultType=core,"CNN classification: fragmented, intermediate, elongated."
12,ref10,MitoTex (Mitochondria Texture Analysis User Interface): Open-Source Framework for Textural Characterization and Classification of Mitochondrial Structures,Europe PMC indexed article record; Crossref metadata,https://doi.org/10.3390/ijms27031191,Publisher blocks automated access (403/challenge); reference identity verified separately,https://www.ebi.ac.uk/europepmc/webservices/rest/search?query=EXT_ID%3A41683617+AND+SRC%3AMED&format=json&resultType=core,Texture analysis and classification; open full text checked.
13,ref11,3D Mitochondria Shape Library for Optical Microscopy (3DMSL): A multimodal dataset for deep learning based mitochondrial analysis,Europe PMC indexed article record; Crossref metadata,https://doi.org/10.1016/j.dib.2026.112507,DOI routing page retrieved; direct publisher access restricted/unconfirmed,https://www.ebi.ac.uk/europepmc/webservices/rest/search?query=EXT_ID%3A41704521+AND+SRC%3AMED&format=json&resultType=core,"3DMSL resource; >27k objects, reported 10,000 queries and 24 nm resampling verified in full text. Released-file 100,000-query count is local evidence."
14,ref13,High resolution 3D imaging of liver subcellular architecture and its link to metabolic function,EMPIAR official API + Crossref,https://doi.org/10.6019/EMPIAR-10791,Public landing page/copy retrieved (HTTP 200); full-text entitlement not implied,https://www.ebi.ac.uk/empiar/api/entry/10791/,"EMPIAR provenance; official API confirms deposit 2021-08-13, release 2022-01-14."
15,ref14,Regulation of liver subcellular architecture controls metabolic homeostasis,Europe PMC indexed article record; Crossref metadata,https://doi.org/10.1038/s41586-022-04488-5,Public landing page/copy retrieved (HTTP 200); full-text entitlement not implied,https://www.ebi.ac.uk/europepmc/webservices/rest/search?query=EXT_ID%3A35264794+AND+SRC%3AMED&format=json&resultType=core,Originating liver architecture and metabolism study.
16,ref20,3DMSL,Publisher / official archive / author repository record,https://github.com/bioailab/3DMSL,Public landing page/copy retrieved (HTTP 200); full-text entitlement not implied,https://github.com/bioailab/3DMSL,3DMSL official implementation/provenance. Historical generating commit remains unconfirmed.
17,ref21,Occupancy Networks: Learning 3D Reconstruction in Function Space,Crossref DOI metadata,https://openaccess.thecvf.com/content_CVPR_2019/html/Mescheder_Occupancy_Networks_Learning_3D_Reconstruction_in_Function_Space_CVPR_2019_paper.html,Public landing page/copy retrieved (HTTP 200); full-text entitlement not implied,https://api.crossref.org/works/10.1109%2Fcvpr.2019.00459,Occupancy representation; CVF pages 4460–4470 differ from IEEE/Crossref pagination 4455–4465; final entry follows displayed CVF version.
18,ref22,Learning 3D Shape Completion Under Weak Supervision,Crossref DOI metadata,https://doi.org/10.1007/s11263-018-1126-y,Public landing page/copy retrieved (HTTP 200); full-text entitlement not implied,https://api.crossref.org/works/10.1007%2Fs11263-018-1126-y,"Weakly supervised shape completion and depth fusion; online 2018, issue 2020. Implementation settings now cite ref34."
19,ref15,MitoEM Dataset: Large-scale 3D Mitochondria Instance Segmentation from EM Images,Europe PMC indexed article record; Crossref metadata,https://doi.org/10.1007/978-3-030-59722-1_7,Public landing page/copy retrieved (HTTP 200); full-text entitlement not implied,https://www.ebi.ac.uk/europepmc/webservices/rest/search?query=EXT_ID%3A33283212+AND+SRC%3AMED&format=json&resultType=core,Human/rat cortex MitoEM instance segmentation resource.
20,ref16,Current Progress and Challenges in Large-Scale 3D Mitochondria Instance Segmentation,Europe PMC indexed article record; Crossref metadata,https://doi.org/10.1109/TMI.2023.3320497,Publisher challenge/HTTP 202; full-page access not confirmed,https://www.ebi.ac.uk/europepmc/webservices/rest/search?query=EXT_ID%3A37768797+AND+SRC%3AMED&format=json&resultType=core,"Challenge, corrected annotations and evaluation limitations."
21,ref25,Forming inferences about some intraclass correlation coefficients,Crossref DOI metadata,https://doi.org/10.1037/1082-989X.1.1.30,Initial DOI fetch returned 200; repeat publisher requests returned 403; access not confirmed,https://api.crossref.org/works/10.1037%2F1082-989x.1.1.30,Absolute-agreement ICC framework; publisher access restricted on recheck.
22,ref18,A Guideline of Selecting and Reporting Intraclass Correlation Coefficients for Reliability Research,Europe PMC indexed article record; Crossref metadata,https://doi.org/10.1016/j.jcm.2016.02.012,Public landing page/copy retrieved (HTTP 200); full-text entitlement not implied,https://www.ebi.ac.uk/europepmc/webservices/rest/search?query=EXT_ID%3A27330520+AND+SRC%3AMED&format=json&resultType=core,ICC choice and reporting.
23,ref17,Statistical methods for assessing agreement between two methods of clinical measurement,Europe PMC indexed article record,https://doi.org/10.1016/S0140-6736(86)90837-8,DOI routing page retrieved; direct publisher access restricted/unconfirmed,https://www.ebi.ac.uk/europepmc/webservices/rest/search?query=EXT_ID%3A2868172%20AND%20SRC%3AMED&format=json&resultType=core,Bland–Altman agreement method; metadata/abstract verified by PMID 2868172.
24,ref26,A meta-analysis of studies using bias and precision statistics to compare cardiac output measurement techniques,Europe PMC indexed article record; Crossref metadata,https://doi.org/10.1023/A:1009982611386,Public landing page/copy retrieved (HTTP 200); full-text entitlement not implied,https://www.ebi.ac.uk/europepmc/webservices/rest/search?query=EXT_ID%3A12578081+AND+SRC%3AMED&format=json&resultType=core,Percentage-error reporting for agreement; cardiac-output acceptance thresholds are not imported into mitochondrial biology.
25,ref12,3DMSL - 3D Mitochondria Shape Library for Optical Microscopy,Publisher / official archive / author repository record,https://doi.org/10.18710/JX6JXF,Public landing page/copy retrieved (HTTP 200); full-text entitlement not implied,https://doi.org/10.18710/JX6JXF,Dataset identity and archive provenance; V2 public record verified.
26,ref19,A Gentle Introduction to Conformal Prediction and Distribution-Free Uncertainty Quantification,Publisher / official archive / author repository record,https://arxiv.org/abs/2107.07511,Public landing page/copy retrieved (HTTP 200); full-text entitlement not implied,https://arxiv.org/abs/2107.07511,Split-conformal marginal coverage and conservative infinite-bound edge case.
27,ref29,Conditional validity of inductive conformal predictors,Crossref DOI metadata,https://doi.org/10.1007/s10994-013-5355-6,Public landing page/copy retrieved (HTTP 200); full-text entitlement not implied,https://api.crossref.org/works/10.1007%2Fs10994-013-5355-6,Conditional versus marginal conformal validity.
28,ref28,Conformal Prediction Under Covariate Shift,Publisher / official archive / author repository record,https://papers.neurips.cc/paper_files/paper/2019/hash/8fb21ee7a2207526da55a679f0332de2-Abstract.html,Public landing page/copy retrieved (HTTP 200); full-text entitlement not implied,https://papers.neurips.cc/paper_files/paper/2019/hash/8fb21ee7a2207526da55a679f0332de2-Abstract.html,Conformal prediction under covariate shift; official proceedings record accessible.
29,ref24,Robust inside-outside segmentation using generalized winding numbers,Crossref DOI metadata,https://igl.ethz.ch/projects/winding-number/,Public landing page/copy retrieved (HTTP 200); full-text entitlement not implied,https://api.crossref.org/works/10.1145%2F2461912.2461916,Generalized winding numbers for inside/outside classification.
30,ref34,mesh-fusion: depth rendering and volumetric fusion implementation,Publisher / official archive / author repository record,https://github.com/davidstutz/mesh-fusion/blob/master/2_fusion.py,Public landing page/copy retrieved (HTTP 200); full-text entitlement not implied,https://github.com/davidstutz/mesh-fusion/blob/master/2_fusion.py,"Added direct software citation for fusion parameters; descriptive source-file title, not an additional research paper."
31,ref23,Marching cubes: A high resolution 3D surface construction algorithm,Crossref DOI metadata,https://www.cs.toronto.edu/~jacobson/seminar/lorenson-and-cline-1987.pdf,Public landing page/copy retrieved (HTTP 200); full-text entitlement not implied,https://api.crossref.org/works/10.1145%2F37402.37422,Marching cubes isosurface construction; university-hosted copy accessible.
32,ref27,An Introduction to the Bootstrap,Publisher / official archive / author repository record,https://www.routledge.com/An-Introduction-to-the-Bootstrap/Efron-Tibshirani/p/book/9780412042317,Public landing page/copy retrieved (HTTP 200); full-text entitlement not implied,https://www.routledge.com/An-Introduction-to-the-Bootstrap/Efron-Tibshirani/p/book/9780412042317,"Percentile bootstrap method; original book 1993, current publisher listing is the 1994 printing. Local resampling counts are now clearly separated from source citation."
33,ref30,Surface area estimation of digitized 3D objects using weighted local configurations,Crossref DOI metadata,https://doi.org/10.1016/j.imavis.2004.06.012,DOI routing page retrieved; direct publisher access restricted/unconfirmed,https://api.crossref.org/works/10.1016%2Fj.imavis.2004.06.012,Estimator dependence of digital surface area; universal-overestimation wording softened.
