n_faces,n_points_used,frac_deep_inside_labeled_out,frac_far_outside_labeled_in,approx_minus_exact_max,approx_minus_exact_median,frac_points_approx_differs_gt_1e-6,t_vol,V_mesh,A_mesh,V_occ,scale,exact_t50,exact_w,exact_nll,exact_success,exact_n_iter,exact_max_proj_grad,exact_t50_spread_across_starts,exact_n_starts_at_optimum,exact_se_t50,exact_n_inside,exact_n_outside,exact_converged,exact_fail_reasons,approx_t50,approx_w,approx_nll,approx_success,approx_n_iter,approx_max_proj_grad,approx_t50_spread_across_starts,approx_n_starts_at_optimum,approx_se_t50,approx_n_inside,approx_n_outside,approx_converged,approx_fail_reasons,id,original_accepted
34688,3000,0.0,0.0,0.0,0.0,0.0,0.0027572367412604442,63453.880490225136,11629.045502260236,65981.11175078344,78.8182627196361,0.0033147772033496705,0.00038182401809258815,95.53850228594345,True,13,1.2423272484814637e-11,9.921109073163237e-13,5,7.133590166649642e-05,1625,1375,True,,0.0033147772033496705,0.00038182401809258815,95.53850228594345,True,13,1.2423272484814637e-11,9.921109073163237e-13,5,7.133590166649642e-05,1625,1375,True,,24558,True
32272,3000,0.0,0.0009505703422053232,0.0,0.0,0.0,0.003380410510085368,59782.476603022915,10514.771472555301,63104.22774804877,93.45398217806675,0.0033916125717625713,0.00038821030925152554,101.07653284666188,True,12,9.788573234102165e-12,4.875765589884562e-13,5,7.011540851448182e-05,1637,1363,True,,0.0033916125717625713,0.00038821030925152554,101.07653284666188,True,12,9.788573234102165e-12,4.875765589884562e-13,5,7.011540851448182e-05,1637,1363,True,,24611,True
15724,3000,0.0,0.0,0.0,0.0,0.0,0.0024236223972264304,35533.34971880557,5303.348556700886,36078.1081052649,42.38271716935684,0.002657122384854712,0.00022016604070071972,52.14931316000887,True,14,9.514884657946254e-11,1.8832504999899413e-13,5,5.544044584383969e-05,1636,1364,True,,0.002657122384854712,0.00022016604070071972,52.14931316000887,True,14,9.514884657946254e-11,1.8832504999899413e-13,5,5.544044584383969e-05,1636,1364,True,,24853,True
12828,3000,0.0,0.0,0.0,0.0,0.0,0.0019744010436682793,21605.27049194157,4438.671785495215,22151.944167888447,62.37919375204885,0.003045417959743752,0.0002517213540170864,66.52182593226225,True,15,2.017309014290862e-11,1.8121767107748266e-12,5,5.587531654889183e-05,1576,1424,True,,0.003045417959743752,0.0002517213540170864,66.52182593226225,True,15,2.017309014290862e-11,1.8121767107748266e-12,5,5.587531654889183e-05,1576,1424,True,,24898,True
13380,3000,0.0,0.0,0.0,0.0,0.0,0.002790879336320543,21353.90240264522,4418.039475899619,21900.695295818357,44.34577090590426,0.002911231554189182,0.00025840025565134915,61.31307086869372,True,13,4.801139485977046e-13,3.1027697772190166e-14,5,6.074991915646321e-05,1610,1390,True,,0.002911231554189182,0.00025840025565134915,61.31307086869372,True,13,4.801139485977046e-13,3.1027697772190166e-14,5,6.074991915646321e-05,1610,1390,True,,24925,True
10504,3000,0.0,0.0,0.0,0.0,0.0,0.002743253156614637,18678.0493591251,3538.7328208665385,19012.927102040023,34.49630842938703,0.0027623238653384464,0.0002484002481939665,52.89652156069154,True,15,1.7334040869343426e-12,1.3666368384179783e-13,5,6.250423743027715e-05,1667,1333,True,,0.0027623238653384464,0.0002484002481939665,52.89652156069154,True,15,1.7334040869343426e-12,1.3666368384179783e-13,5,6.250423743027715e-05,1667,1333,True,,24943,True
36856,3000,0.0,0.0,0.0,0.0,0.0,0.003720124860947247,61425.514983836445,12419.031237459854,66394.81405828267,107.55977850132226,0.0032617485417097553,0.0002753533856977615,78.61292859606493,True,16,9.826993034126967e-12,1.667112194819742e-12,5,5.60651052463509e-05,1616,1384,True,,0.0032617485417097553,0.0002753533856977615,78.61292859606493,True,16,9.826993034126967e-12,1.667112194819742e-12,5,5.60651052463509e-05,1616,1384,True,,24954,True
13360,3000,0.0,0.0,0.0,0.0,0.0,0.003363222363305189,27038.653650170727,4420.108462880334,27637.27390148555,40.26826299587451,0.002666096343530715,0.00025015035089490215,64.4035195281051,True,15,1.4321462534401992e-13,3.127576322925485e-14,5,5.6451922562642795e-05,1693,1307,True,,0.002666096343530715,0.00025015035089490215,64.4035195281051,True,15,1.4321462534401992e-13,3.127576322925485e-14,5,5.6451922562642795e-05,1693,1307,True,,25022,True
5704,3000,0.0,0.0,0.0,0.0,0.0,0.003155314063649421,7280.641916255748,1905.589597174473,7448.9843583030815,27.997654925743234,0.002841799304955052,0.00023707833578050802,49.11897445485863,True,15,2.0968655256581314e-11,2.0663418892619134e-13,5,6.14410662750631e-05,1679,1321,True,,0.002841799304955052,0.00023707833578050802,49.11897445485863,True,15,2.0968655256581314e-11,2.0663418892619134e-13,5,6.14410662750631e-05,1679,1321,True,,25026,True
13128,2322,0.0,0.0,0.0,0.0,0.0,0.002607847434459286,11736.294981662437,4566.206296857737,12642.572153050036,76.10677712845127,0.0028534118320375714,0.00024599311548457103,49.725087364128086,True,15,2.6950900502600217e-11,5.139382842911377e-13,5,6.319842314312088e-05,1145,1177,True,,0.0028534118320375714,0.00024599311548457103,49.725087364128086,True,15,2.6950900502600217e-11,5.139382842911377e-13,5,6.319842314312088e-05,1145,1177,True,,25039,True
12176,3000,0.0,0.0,0.0,0.0,0.0,0.0027644257496587774,16066.725457400811,4170.521401256173,16700.904763378847,55.00685089797443,0.0030937843555329846,0.00022896167882539348,61.123201801938734,True,15,1.1539314985024399e-11,1.175925676277778e-13,5,5.326115850148029e-05,1657,1343,True,,0.0030937843555329846,0.00022896167882539348,61.123201801938734,True,15,1.1539314985024399e-11,1.175925676277778e-13,5,5.326115850148029e-05,1657,1343,True,,25111,False
61488,3000,0.0,0.0,0.0,0.0,0.0,0.0037960844869015828,123443.32684189737,20816.97610552175,131147.38831885517,97.49138189219624,0.0032796271940020915,0.0003867857957700943,114.48057782376839,True,15,1.6782869191237893e-11,6.297184995673888e-13,5,6.549495352095892e-05,1607,1393,True,,0.0032796271940020915,0.0003867857957700943,114.48057782376839,True,15,1.6782869191237893e-11,6.297184995673888e-13,5,6.549495352095892e-05,1607,1393,True,,25173,True
8832,3000,0.0,0.0,0.0,0.0,0.0,0.002693280003844487,13961.91678862537,2984.7400545097307,14270.645008555392,38.40504766118133,0.002759709885561024,0.00022547833181193517,56.848322757494344,True,16,6.086754803883802e-13,3.7295644003676465e-13,5,5.378408489140636e-05,1639,1361,True,,0.002759709885561024,0.00022547833181193517,56.848322757494344,True,16,6.086754803883802e-13,3.7295644003676465e-13,5,5.378408489140636e-05,1639,1361,True,,25183,True
14160,3000,0.0,0.0,0.0,0.0,0.0,0.003194068153446152,16652.204864689065,4629.209409114698,17642.862878278727,66.99968349727713,0.0031907614965859146,0.00031459272727425545,76.92521671410327,True,15,2.1644579462076765e-12,1.9984448124121812e-13,5,6.567358130581984e-05,1529,1471,True,,0.0031907614965859146,0.00031459272727425545,76.92521671410327,True,15,2.1644579462076765e-12,1.9984448124121812e-13,5,6.567358130581984e-05,1529,1471,True,,25201,True
10580,3000,0.0,0.0,0.0,0.0,0.0,0.0022695738870926675,19367.519289224558,3532.750592791128,19643.644495577424,34.438858618157525,0.002727952427353225,0.0001808980104566377,34.7614285462451,True,17,2.5842328277292382e-12,2.139681661017523e-13,5,5.715402608846563e-05,1642,1358,True,,0.002727952427353225,0.0001808980104566377,34.7614285462451,True,17,2.5842328277292382e-12,2.139681661017523e-13,5,5.715402608846563e-05,1642,1358,True,,25217,True
31872,3000,0.0,0.0,0.0,0.0,0.0,0.003506170957191372,59043.71957192916,10702.398586030595,62015.849112054064,79.20516900012802,0.003433764759138914,0.00033067297315136744,89.8407010570898,True,15,2.2425625936026174e-13,9.196549771717244e-14,5,6.249665760306629e-05,1639,1361,True,,0.003433764759138914,0.00033067297315136744,89.8407010570898,True,15,2.2425625936026174e-13,9.196549771717244e-14,5,6.249665760306629e-05,1639,1361,True,,25252,True
49100,3000,0.0,0.0,0.0,0.0,0.0,0.0030784171114824352,108567.34718563767,16188.570482455505,112966.13183077029,88.26666859443836,0.003069798384259989,0.00037283236002930853,93.64423558152463,True,15,1.8886723296418496e-11,2.6896714022672796e-13,5,6.999530774952755e-05,1647,1353,True,,0.003069798384259989,0.00037283236002930853,93.64423558152463,True,15,1.8886723296418496e-11,2.6896714022672796e-13,5,6.999530774952755e-05,1647,1353,True,,25261,True
6640,3000,0.0,0.0,0.0,0.0,0.0,0.004052858735697058,8708.473286208635,2361.8774263043624,9062.114988918347,36.94406256629905,0.002891588294839322,0.00019145585100385348,41.814297015473976,True,15,1.025761657951106e-12,4.816550804032094e-13,5,5.441938681260255e-05,1649,1351,True,,0.002891588294839322,0.00019145585100385348,41.814297015473976,True,15,1.025761657951106e-12,4.816550804032094e-13,5,5.441938681260255e-05,1649,1351,True,,25284,True
10552,3000,0.0,0.0,0.0,0.0,0.0,0.002816044684463083,19500.600476744265,3561.184520711079,19846.61641401788,34.50341515682645,0.002873673450661785,0.00018122348612648832,47.32098177433462,True,15,3.365104946938157e-12,1.2324646511685522e-13,5,4.75326203972442e-05,1650,1350,True,,0.002873673450661785,0.00018122348612648832,47.32098177433462,True,15,3.365104946938157e-12,1.2324646511685522e-13,5,4.75326203972442e-05,1650,1350,True,,25360,True
31768,3000,0.0,0.0,0.0,0.0,0.0,0.003344561989622839,63277.142722323915,10882.640093333413,66205.8652582158,80.46457331635408,0.003076186941084909,0.00037024673722844877,101.81779608992014,True,12,1.6925878772629707e-11,1.1568393812333433e-12,5,6.633011060212082e-05,1677,1323,True,,0.003076186941084909,0.00037024673722844877,101.81779608992014,True,12,1.6925878772629707e-11,1.1568393812333433e-12,5,6.633011060212082e-05,1677,1323,True,,25485,True
7256,3000,0.0,0.0,0.0,0.0,0.0,0.0021038217393544445,10931.212200709255,2460.1824730144003,11084.242928146963,29.566667957156838,0.0026692076101022207,0.00025588426345953284,56.910173612995635,True,16,1.6469884715301456e-11,2.4048601651727175e-13,5,6.157904927070174e-05,1671,1329,True,,0.0026692076101022207,0.00025588426345953284,56.910173612995635,True,16,1.6469884715301456e-11,2.4048601651727175e-13,5,6.157904927070174e-05,1671,1329,True,,25501,True
6628,3000,0.0,0.0,0.0,0.0,0.0,0.002779825261261756,8796.095517140324,2175.7898935381495,8990.946068588417,32.21567140583038,0.002916976335848604,0.00022327397918352567,58.63285275629265,True,14,1.503365232302656e-11,4.195424389841218e-13,5,5.259093267016314e-05,1664,1336,True,,0.002916976335848604,0.00022327397918352567,58.63285275629265,True,14,1.503365232302656e-11,4.195424389841218e-13,5,5.259093267016314e-05,1664,1336,True,,25535,True
23956,3000,0.0,0.0,0.0,0.0,0.0,0.0021301063672204256,54341.29665089239,8002.129004458719,55501.19270420666,68.04750899417598,0.0029548456128908594,0.0003314754374178973,90.82165594580621,True,15,4.887691022285405e-11,9.015895668929019e-13,5,6.299757310122475e-05,1636,1364,True,,0.0029548456128908594,0.0003314754374178973,90.82165594580621,True,15,4.887691022285405e-11,9.015895668929019e-13,5,6.299757310122475e-05,1636,1364,True,,25555,True
7864,3000,0.0,0.0,0.0,0.0,0.0,0.00202711078432113,12647.347636318182,2643.5015930469376,12814.386621392276,31.171721109245937,0.0026363810111125793,0.00017278819280772915,44.874265093495765,True,16,3.140493435675277e-11,1.2730571805064095e-13,5,4.732921082466688e-05,1642,1358,True,,0.0026363810111125793,0.00017278819280772915,44.874265093495765,True,16,3.140493435675277e-11,1.2730571805064095e-13,5,4.732921082466688e-05,1642,1358,True,,25588,True
13724,3000,0.0,0.0,0.0,0.0,0.0,0.003116329835784155,26935.809961798746,4623.744955756562,27551.801347283177,42.750121218472486,0.002993622813802001,0.00027569903979704355,69.75514478832702,True,15,3.0221993204312035e-11,2.2439732363932485e-13,5,5.986074662949583e-05,1659,1341,True,,0.002993622813802001,0.00027569903979704355,69.75514478832702,True,15,3.0221993204312035e-11,2.2439732363932485e-13,5,5.986074662949583e-05,1659,1341,True,,25611,True
15812,1558,0.0,0.0,0.0,0.0,0.0,0.003145049156006489,17202.107506154494,5336.256434851192,18897.374459736355,101.01223188359162,0.002984870867646156,0.00025543985802445275,40.24933120500438,True,9,5.786002101058089e-11,1.0653327178755667e-12,5,7.292334390109634e-05,746,812,True,,0.002984870867646156,0.00025543985802445275,40.24933120500438,True,9,5.786002101058089e-11,1.0653327178755667e-12,5,7.292334390109634e-05,746,812,True,,25616,True
30120,3000,0.0,,0.0,0.0,0.0,0.007639608034480817,62523.47216853641,10032.25575246904,67562.85224384413,65.75176914613331,0.004258640735910209,0.00234778820367771,596.5014730005288,True,12,7.260454513158266e-10,1.2881641933693011e-11,5,0.00017359950028219645,1820,1180,True,,0.004258640735910209,0.00234778820367771,596.5014730005288,True,12,7.260454513158266e-10,1.2881641933693011e-11,5,0.00017359950028219645,1820,1180,True,,25660,True
18140,3000,0.0,0.0,0.0,0.0,0.0,0.004064486311981861,28684.3670114311,6236.847931518498,30650.877785475037,77.57566545981118,0.003005856778522838,0.00031311262387367136,81.38170575748282,True,16,1.984541309956913e-11,8.82364927651258e-13,5,6.270486162043382e-05,1633,1367,True,,0.003005856778522838,0.00031311262387367136,81.38170575748282,True,16,1.984541309956913e-11,8.82364927651258e-13,5,6.270486162043382e-05,1633,1367,True,,25704,True
35524,3000,0.0,0.0,0.0,0.0,0.0,0.0023032040083033186,66222.209383226,11883.510143519656,68938.94272914792,99.25899291957995,0.003068013624977557,0.00036053101694149365,93.29454660868092,True,15,7.569357881228219e-12,5.3359369873995366e-12,5,6.756109235525718e-05,1644,1356,True,,0.003068013624977557,0.00036053101694149365,93.29454660868092,True,15,7.569357881228219e-12,5.3359369873995366e-12,5,6.756109235525718e-05,1644,1356,True,,25794,True
36704,3000,0.0,0.0,0.0,0.0,0.0,0.0032205783442237545,61270.69419506873,12444.640531526253,65285.19489754483,100.16484275185968,0.003136224424870475,0.0002814401644375664,80.5118208921848,True,15,6.581896476594718e-13,2.594495798757812e-14,5,5.6820874782533454e-05,1559,1441,True,,0.003136224424870475,0.0002814401644375664,80.5118208921848,True,15,6.581896476594718e-13,2.594495798757812e-14,5,5.6820874782533454e-05,1559,1441,True,,25822,True
23088,3000,0.0,0.0,0.0,0.0,0.0,0.0025831914723694876,41368.70237055822,7827.695208687911,42626.46757734168,62.20267640006908,0.0034089150176055925,0.0003986881827497335,105.04178031091422,True,14,3.5415705923469433e-12,6.575122390994892e-14,5,7.082765894611204e-05,1684,1316,True,,0.0034089150176055925,0.0003986881827497335,105.04178031091422,True,14,3.5415705923469433e-12,6.575122390994892e-14,5,7.082765894611204e-05,1684,1316,True,,25896,True
14820,3000,0.0,0.0,0.0,0.0,0.0,0.00170937375873384,27466.094547173274,4971.6907182334435,27868.389279048817,47.33727008882232,0.002929436928915447,0.00029686883692602847,72.93564350588457,True,14,4.595714996597909e-12,4.0877501036873376e-13,5,6.298682960478261e-05,1643,1357,True,,0.002929436928915447,0.00029686883692602847,72.93564350588457,True,14,4.595714996597909e-12,4.0877501036873376e-13,5,6.298682960478261e-05,1643,1357,True,,25962,True
14420,3000,0.0,0.0,0.0,0.0,0.0,0.0037048805978642315,26276.93923801959,4784.239163213333,27132.501540352503,48.26858223461571,0.003152987584394629,0.0003643151155866308,88.997289402919,True,15,2.342251548270724e-11,6.435633276291597e-13,5,7.04660272527542e-05,1696,1304,True,,0.003152987584394629,0.0003643151155866308,88.997289402919,True,15,2.342251548270724e-11,6.435633276291597e-13,5,7.04660272527542e-05,1696,1304,True,,26121,True
11876,3000,0.0,0.0,0.0,0.0,0.0,0.003253495953428427,18895.753397113935,3914.007945377888,19458.912427705785,44.22410768209677,0.003079596077497886,0.00033642160127029543,81.95946671946247,True,16,1.3797894382605592e-11,8.293201195219702e-13,5,6.772944341010903e-05,1645,1355,True,,0.003079596077497886,0.00033642160127029543,81.95946671946247,True,16,1.3797894382605592e-11,8.293201195219702e-13,5,6.772944341010903e-05,1645,1355,True,,26135,True
16876,3000,0.0,0.0,0.0,0.0,0.0,0.003749790285441653,30264.692647460077,5904.233314388126,31887.76919331898,73.31089330865474,0.0029963972042872573,0.00031546034530727913,77.9419641726077,True,13,3.9781018479345675e-11,5.901668043151176e-13,5,6.529234669185561e-05,1605,1395,True,,0.0029963972042872573,0.00031546034530727913,77.9419641726077,True,13,3.9781018479345675e-11,5.901668043151176e-13,5,6.529234669185561e-05,1605,1395,True,,26173,False
18004,3000,0.0,0.0,0.0,0.0,0.0,0.004039018530689591,32871.8130691645,6064.036883939768,34282.29402047722,57.587675060179635,0.003073967920899725,0.00025662843283494384,63.56203941872475,True,15,2.119966424629638e-12,5.775961306464517e-13,5,5.8369914563248934e-05,1647,1353,True,,0.003073967920899725,0.00025662843283494384,63.56203941872475,True,15,2.119966424629638e-12,5.775961306464517e-13,5,5.8369914563248934e-05,1647,1353,True,,26177,True
4788,3000,0.0,0.0,0.0,0.0,0.0,0.0012888001148559963,6063.863445134387,1627.7758870028592,6114.587487947086,24.178741020336957,0.0027094130837380377,0.00019394555166466902,50.42308194649033,True,15,1.7378481853939169e-12,2.6111578177445693e-13,5,4.9745898168990875e-05,1631,1369,True,,0.0027094130837380377,0.00019394555166466902,50.42308194649033,True,15,1.7378481853939169e-12,2.6111578177445693e-13,5,4.9745898168990875e-05,1631,1369,True,,26200,True
46672,3000,0.0,0.0,0.0,0.0,0.0,0.0030899465891049602,106873.8256028425,15839.156415635262,111645.27158836473,97.49155369701873,0.003125346815424447,0.0002999330032984639,69.97902345404569,True,15,4.3243608693899204e-11,5.4175414154755686e-14,5,6.561406771234322e-05,1630,1370,True,,0.003125346815424447,0.0002999330032984639,69.97902345404569,True,15,4.3243608693899204e-11,5.4175414154755686e-14,5,6.561406771234322e-05,1630,1370,True,,26259,True
18076,3000,0.0,0.0,0.0,0.0,0.0,0.00326863572146034,39267.83417198908,6133.321388183222,40261.3921717486,49.55996367725457,0.0029584862958984028,0.0002852841953666263,70.75413572299917,True,15,4.449342227985653e-12,5.540533309922324e-13,5,6.206400397359342e-05,1666,1334,True,,0.0029584862958984028,0.0002852841953666263,70.75413572299917,True,15,4.449342227985653e-12,5.540533309922324e-13,5,6.206400397359342e-05,1666,1334,True,,26376,True
14100,3000,0.0,0.0,0.0,0.0,0.0,0.003960017608580185,21877.35919197687,4991.523360872336,23112.194413767826,62.471046832434496,0.002773535893575467,0.0003169809798170828,77.25399501923184,True,16,6.539630703628063e-11,1.340490218826318e-13,5,6.531672119158831e-05,1634,1366,True,,0.002773535893575467,0.0003169809798170828,77.25399501923184,True,16,6.539630703628063e-11,1.340490218826318e-13,5,6.531672119158831e-05,1634,1366,True,,26425,True
7496,3000,0.0,0.0,0.0,0.0,0.0,0.001289319604208566,11668.723475420777,2525.026203586677,11762.627616588785,28.84418480757563,0.002625293177308628,0.00019381244881709075,48.50711038946923,True,16,3.943429730905261e-12,1.2634294652147382e-13,5,5.0755407898618085e-05,1657,1343,True,,0.002625293177308628,0.00019381244881709075,48.50711038946923,True,16,3.943429730905261e-12,1.2634294652147382e-13,5,5.0755407898618085e-05,1657,1343,True,,26476,True
15076,2562,0.0,0.0,0.0,0.0,0.0,0.0031222823249131685,18717.884832805314,5097.135149863659,19947.86344846401,77.28571717723574,0.0029030955844221544,0.0002389545918825283,53.87457018510376,True,15,5.042083447784234e-11,1.6928776089275566e-13,5,5.878574182025278e-05,1348,1214,True,,0.0029030955844221544,0.0002389545918825283,53.87457018510376,True,15,5.042083447784234e-11,1.6928776089275566e-13,5,5.878574182025278e-05,1348,1214,True,,26517,True
18880,3000,0.0,0.0,0.0,0.0,0.0,0.0035144406265286,36885.42740358742,6468.286082024468,38324.40845442507,63.300864976925084,0.003075665601531941,0.0002468284497771472,59.720361688120484,True,13,3.147517742737212e-11,3.922947036660851e-14,5,5.86446395279193e-05,1643,1357,True,,0.003075665601531941,0.0002468284497771472,59.720361688120484,True,13,3.147517742737212e-11,3.922947036660851e-14,5,5.86446395279193e-05,1643,1357,True,,26571,True
26556,3000,0.0,0.0,0.0,0.0,0.0,0.0034214227593276675,51009.59318629045,8979.93201980952,53806.755649685845,91.04118515174983,0.0032260426980135135,0.0002671076019572533,72.70290648318905,True,16,5.250587512920883e-11,2.0070750617051658e-14,5,5.683372121270692e-05,1609,1391,True,,0.0032260426980135135,0.0002671076019572533,72.70290648318905,True,16,5.250587512920883e-11,2.0070750617051658e-14,5,5.683372121270692e-05,1609,1391,True,,26590,True
17780,3000,0.0,0.0,0.0,0.0,0.0,0.003969827213925425,31717.08366017879,6189.773238967363,33413.83524918825,69.05130981079152,0.0031497011883806613,0.000287921394160961,77.34075218960098,True,15,6.374148616335636e-13,1.4757032401613301e-13,5,5.882379052310975e-05,1591,1409,True,,0.0031497011883806613,0.000287921394160961,77.34075218960098,True,15,6.374148616335636e-13,1.4757032401613301e-13,5,5.882379052310975e-05,1591,1409,True,,26626,True
6908,3000,0.0,0.0,0.0,0.0,0.0,0.0028614866870750365,10472.847835398972,2333.78579072084,10666.171734617219,28.948950587031472,0.0026344547237304025,0.0002427964271580871,64.52050387493728,True,16,1.6333832508763635e-11,9.626631089498794e-14,5,5.5868371497003964e-05,1667,1333,True,,0.0026344547237304025,0.0002427964271580871,64.52050387493728,True,16,1.6333832508763635e-11,9.626631089498794e-14,5,5.5868371497003964e-05,1667,1333,True,,26662,False
5740,3000,0.0,0.0,0.0,0.0,0.0,0.0022848042703924594,7849.81584381202,1933.1495212425896,7965.273274339806,26.140111764910287,0.0027439734582186516,0.00025494324617480763,60.00772344272372,True,15,2.320172039678899e-11,4.0068209167243296e-13,5,5.933776744940702e-05,1624,1376,True,,0.0027439734582186516,0.00025494324617480763,60.00772344272372,True,15,2.320172039678899e-11,4.0068209167243296e-13,5,5.933776744940702e-05,1624,1376,True,,26726,True
18988,3000,0.0,0.0,0.0,0.0,0.0,0.003940767572636804,36684.047208351,6416.587824785522,38226.00025245699,60.97982658146614,0.003036913141232725,0.0002691096744204176,71.9011389607123,True,13,2.7345039299140213e-14,8.371688758890272e-14,5,5.734607529255028e-05,1643,1357,True,,0.003036913141232725,0.0002691096744204176,71.9011389607123,True,13,2.7345039299140213e-14,8.371688758890272e-14,5,5.734607529255028e-05,1643,1357,True,,26731,True
12896,3000,0.0,0.0,0.0,0.0,0.0,0.003260286197308695,18498.604195704294,4394.461168856465,19185.056509063692,47.91252030894563,0.003343235128789986,0.0003979762236851779,105.8915947057042,True,13,4.24352103086297e-11,1.25992315538892e-12,5,7.020173508159713e-05,1664,1336,True,,0.003343235128789986,0.0003979762236851779,105.8915947057042,True,13,4.24352103086297e-11,1.25992315538892e-12,5,7.020173508159713e-05,1664,1336,True,,26822,True
7028,3000,0.0,0.0,0.0,0.0,0.0,0.004043098509281472,10627.474253651992,2359.999327767169,10905.200032910026,29.106500420485233,0.002575493613048439,0.00016623406586161965,52.89029828731754,True,10,2.03881607892716e-12,4.641287354445467e-13,5,4.106919886975397e-05,1655,1345,True,,0.002575493613048439,0.00016623406586161965,52.89029828731754,True,10,2.03881607892716e-12,4.641287354445467e-13,5,4.106919886975397e-05,1655,1345,True,,26929,True
22952,3000,0.0,0.0,0.0,0.0,0.0,0.0027623735491604275,36305.901922132645,8103.044193606445,38214.526590534006,85.26875428531216,0.003183686278446553,0.00026393092708653016,64.4831056382062,True,15,2.658867718589401e-12,4.4452202335731883e-13,5,5.938622330983679e-05,1611,1389,True,,0.003183686278446553,0.00026393092708653016,64.4831056382062,True,15,2.658867718589401e-12,4.4452202335731883e-13,5,5.938622330983679e-05,1611,1389,True,,26939,True
13864,3000,0.0,0.0,0.0,0.0,0.0,0.0024095280207571124,27038.913696747808,5088.483023717822,27653.02335090164,50.08706846371145,0.003144375527398842,0.0002773133062133057,66.56654217082306,True,14,3.357746095981421e-11,3.8019600488714556e-12,5,6.200479685805652e-05,1666,1334,True,,0.003144375527398842,0.0002773133062133057,66.56654217082306,True,14,3.357746095981421e-11,3.8019600488714556e-12,5,6.200479685805652e-05,1666,1334,True,,26973,True
7356,3000,0.0,0.0,0.0,0.0,0.0,0.0038214584057204523,9322.897991106036,2519.276485571054,9758.600998275046,45.25698180447064,0.00304284253245915,0.0002458072202636805,59.639817324316226,True,16,4.666297422536066e-11,9.306435830302995e-12,5,5.823839760326912e-05,1632,1368,True,,0.00304284253245915,0.0002458072202636805,59.639817324316226,True,16,4.666297422536066e-11,9.306435830302995e-12,5,5.823839760326912e-05,1632,1368,True,,26977,True
11324,3000,0.0,0.0,0.0,0.0,0.0,0.003100381171363275,20942.33344624836,3941.849725502543,21483.020176576916,44.24157267874071,0.002881254519609473,0.0003127435633834286,80.49741167812596,True,13,4.307935634996133e-13,9.704528847187532e-13,5,6.316008186585573e-05,1647,1353,True,,0.002881254519609473,0.0003127435633834286,80.49741167812596,True,13,4.307935634996133e-13,9.704528847187532e-13,5,6.316008186585573e-05,1647,1353,True,,27011,True
7752,3000,0.0,0.0,0.0,0.0,0.0,0.0018087116151300764,11279.170394735103,2694.4287819913698,11446.08047502228,34.24889227597055,0.0030057953422948894,0.0002889679724274365,73.06386230097004,True,15,1.2589733699996942e-12,3.77876506127417e-12,5,6.162052344401617e-05,1610,1390,True,,0.0030057953422948894,0.0002889679724274365,73.06386230097004,True,15,1.2589733699996942e-12,3.77876506127417e-12,5,6.162052344401617e-05,1610,1390,True,,27055,True
10312,3000,0.0,0.0,0.0,0.0,0.0,0.002856333110266984,17199.160744132387,3698.322719102485,17633.453627329185,41.11204243779409,0.0032428571702665825,0.00031408202875372914,89.66427953775418,True,15,3.057930833416557e-11,2.0982863883911573e-12,5,5.969715880307081e-05,1678,1322,True,,0.0032428571702665825,0.00031408202875372914,89.66427953775418,True,15,3.057930833416557e-11,2.0982863883911573e-12,5,5.969715880307081e-05,1678,1322,True,,27068,True
19496,3000,0.0,0.0,0.0,0.0,0.0,0.002485027924689005,24916.04423266977,7044.838440171137,26244.739478639065,75.89673089894848,0.0035406467434507707,0.0003577769307832413,84.63238620577846,True,15,1.1753226688189974e-11,7.87593081030824e-13,5,7.036675293202457e-05,1617,1383,True,,0.0035406467434507707,0.0003577769307832413,84.63238620577846,True,15,1.1753226688189974e-11,7.87593081030824e-13,5,7.036675293202457e-05,1617,1383,True,,27164,True
6544,3000,0.0,0.0,0.0,0.0,0.0,0.0025523609375194462,9076.081160392781,2348.3038785707654,9271.288012086468,32.568568661989616,0.0031269766961564897,0.0002455664324733781,55.88305736405588,True,14,5.003810240713244e-12,3.2077725892198927e-13,5,5.998094895293821e-05,1671,1329,True,,0.0031269766961564897,0.0002455664324733781,55.88305736405588,True,14,5.003810240713244e-12,3.2077725892198927e-13,5,5.998094895293821e-05,1671,1329,True,,27171,True
10060,3000,0.0,0.0,0.0,0.0,0.0,0.003179993553904128,12534.829528613229,3717.8637382117263,13218.881484865826,57.85879452820011,0.0031088891356181136,0.0002517091044783868,59.45125764192133,True,16,2.5379766436609924e-12,1.1211951506107098e-13,5,5.943465112374137e-05,1578,1422,True,,0.0031088891356181136,0.0002517091044783868,59.45125764192133,True,16,2.5379766436609924e-12,1.1211951506107098e-13,5,5.943465112374137e-05,1578,1422,True,,27230,True
6548,3000,0.0,0.0,0.0,0.0,0.0,0.0038696907394489984,8032.310331079188,2436.874398712604,8379.350375906046,36.801895451284054,0.0033200981045607095,0.00023923904478210237,67.25084675258877,True,15,1.6712620916810768e-12,3.187181421560048e-13,5,5.268647796709119e-05,1653,1347,True,,0.0033200981045607095,0.00023923904478210237,67.25084675258877,True,15,1.6712620916810768e-12,3.187181421560048e-13,5,5.268647796709119e-05,1653,1347,True,,27248,True
