model,evaluation,n,bias,mdape,rmse,p95_abs,bound,coverage,coverage_low_occ,n_low_occ,coverage_high_occ
uncorrected,internal,550,3.608493348199682,3.034594310746108,4.28559042887463,7.833066203811673,8.450882446529185,96.36363636363636,37.5,16,98.12734082397003
uncorrected,frozen,2728,4.497345306150979,3.4814156203977986,5.7433777469197125,10.768383884569976,8.450882446529185,90.02932551319648,22.099447513812155,181,94.85669414998037
global,internal,550,-0.040271191548298065,1.3701571583839278,2.2308831277491334,4.035525524839906,4.631584226976915,96.36363636363636,37.5,16,98.12734082397003
global,frozen,2728,0.817278202294102,1.502812350128463,3.5419329799332955,6.86747056962664,4.631584226976915,90.02932551319648,22.099447513812155,181,94.85669414998037
p_only,internal,550,-0.0851259344882342,0.8217308488760511,1.5911816397598755,2.634513576868855,2.8683046881936347,95.63636363636364,37.5,16,97.37827715355806
p_only,frozen,2728,0.43061807928009554,0.9266442671007957,2.7179347195905916,4.597882038909732,2.8683046881936347,89.36950146627566,27.071823204419886,181,93.79662347860229
retained_ols,internal,550,-0.031869660098261865,0.5802580740423113,1.1493769140933627,2.3855327148673187,2.6613485513553803,96.18181818181817,43.75,16,97.75280898876404
retained_ols,frozen,2728,0.005868430066862322,0.6635948335776076,1.7428269802449508,3.268283885462778,2.6613485513553803,92.08211143695014,49.171270718232044,181,95.13152728700432
ridge,internal,550,-0.0325651606571637,0.587680083173503,1.1503444172114325,2.367114716047775,2.6539696708516747,96.18181818181817,43.75,16,97.75280898876404
ridge,frozen,2728,0.010808828219221958,0.6666450421223047,1.749172620297125,3.2877872575313423,2.6539696708516747,91.93548387096774,48.61878453038674,181,95.01374165685121
