offset_vox,convention,p,occ_err_pct,fused_mesh_err_pct,fused_watertight,agree_all,agree_near_0.01,id,mesh_occ_err_pct,mesh_band_points,mesh_vs_trilinear_agree_all,mesh_vs_trilinear_agree_near,mesh_agree_near_0.01
0.0,literal,0.34435,0.6240369281900193,0.7689972228782427,True,0.99492,0.8842975206611571,24943,,,,,
0.0,centred,0.34469,0.7233898323735222,0.7689972228781983,True,0.99634,0.9201101928374655,24943,0.813976303834929,1000.0,0.99967,0.9889807162534435,0.9297520661157025
1.5,literal,0.34708,1.4217823058986445,1.4999031275329866,True,0.99613,0.9104683195592287,24943,,,,,
1.5,centred,0.34724,1.4685366137496825,1.49990312753292,True,0.99889,0.9752066115702479,24943,1.4773030464717785,811.0,0.99989,0.9972451790633609,0.9752066115702479
0.0,literal,0.03874,4.346000940933115,3.854823731472412,True,0.99825,0.8903269754768393,24954,,,,,
0.0,centred,0.03881,4.5345455993188954,3.8548237314724565,True,0.99868,0.9189373297002725,24954,4.723090257704676,412.0,0.99993,0.9959128065395095,0.9230245231607629
1.5,literal,0.03984,7.308845572709743,6.564449022625896,True,0.99863,0.912125340599455,24954,,,,,
1.5,centred,0.04,7.739804791877236,6.564449022625896,True,0.99977,0.9843324250681199,24954,7.712869840679271,361.0,0.99995,0.997275204359673,0.9856948228882834
0.0,literal,0.31468,1.038774372456186,0.7790049625712614,True,0.99526,0.8960526315789473,25022,,,,,
0.0,centred,0.31479,1.0740936338676788,0.7790049625712614,True,0.99645,0.9171052631578948,25022,1.1543646825301623,854.0,0.99975,0.9947368421052631,0.9223684210526316
1.5,literal,0.31728,1.8735932785461262,1.474918681394044,True,0.99604,0.9105263157894737,25022,,,,,
1.5,centred,0.3172,1.8479065429741093,1.4749186813940218,True,0.99886,0.9769736842105263,25022,1.8703824365996269,760.0,0.99989,0.9980263157894737,0.9763157894736842
0.0,literal,0.2525,1.1980122088814493,0.9541139552959654,True,0.99638,0.9040055248618785,25026,,,,,
0.0,centred,0.25245,1.1779729985430532,0.9541139552960098,True,0.99717,0.9171270718232044,25026,1.2501141557612616,746.0,0.9998,0.9930939226519337,0.9226519337016574
1.5,literal,0.25441,1.9635100438080366,1.7602371382110515,True,0.99729,0.9295580110497238,25026,,,,,
1.5,centred,0.25447,1.9875570962140765,1.7602371382110515,True,0.99919,0.9751381215469613,25026,1.9795414120787669,613.0,0.9999,0.9979281767955801,0.975828729281768
0.0,literal,0.0209,4.375979796694507,5.485554854854335,True,0.99891,0.90595340811044,25039,,,,,
0.0,centred,0.02093,4.525801777263938,5.485554854854335,True,0.99936,0.9447799827437446,25039,4.725564418023143,252.0,0.99996,0.996548748921484,0.9482312338222606
1.5,literal,0.02161,7.921766670170749,8.271301210745975,True,0.999,0.913718723037101,25039,,,,,
1.5,centred,0.02154,7.572182048842091,8.271301210745975,True,0.99985,0.9870578084555651,25039,7.672063369221704,211.0,0.99994,0.994823123382226,0.9905090595340811
0.0,literal,0.07366,1.4541908119014346,2.3306361173286216,True,0.99751,0.8839344262295082,25111,,,,,
0.0,centred,0.07375,1.5781505888912362,2.3306361173285994,True,0.99828,0.9154098360655738,25111,1.7296569829899244,529.0,0.99989,0.9940983606557378,0.921311475409836
1.5,literal,0.0752,3.575280329283026,4.150195173486337,True,0.99797,0.9081967213114754,25111,,,,,
1.5,centred,0.07522,3.6028269463918683,4.150195173486337,True,0.99975,0.9895081967213115,25111,3.6303735635007106,448.0,0.99996,0.9986885245901639,0.9895081967213115
0.0,literal,0.10334,3.137077314511294,2.6736272294624053,True,0.99559,0.8754231550440081,25173,,,,,
0.0,centred,0.10336,3.157038041686544,2.6736272294624053,True,0.99691,0.9214624238320921,25173,3.3566453134390217,956.0,0.99978,0.996614759647935,0.9248476641841571
1.5,literal,0.10593,5.721991483706024,5.088854261769726,True,0.99616,0.8943805010155721,25173,,,,,
1.5,centred,0.10613,5.921598755458524,5.088854261769682,True,0.9994,0.983750846310088,25173,5.961520209809024,877.0,0.99988,0.998645903859174,0.983750846310088
0.0,literal,0.18734,1.0568361592672604,1.0912931558876293,True,0.99704,0.8931771192281185,25183,,,,,
0.0,centred,0.18731,1.0406532560710335,1.0912931558876515,True,0.99783,0.9186767746381805,25183,1.1485392773791236,608.0,0.99978,0.9917298414886285,0.9255685733976567
1.5,literal,0.18886,1.8767699212085542,1.9263192686079345,True,0.99784,0.923501033769814,25183,,,,,
1.5,centred,0.18885,1.8713756201431453,1.9263192686079122,True,0.99937,0.9786354238456237,25183,1.8875585233393721,497.0,0.99991,0.9951757408683667,0.9793246037215714
0.0,literal,0.04309,3.4756835299884825,3.432844563588744,True,0.99785,0.8632707774798928,25201,,,,,
0.0,centred,0.04309,3.4756835299884825,3.4328445635887217,True,0.99897,0.9349865951742627,25201,3.739835889893306,369.0,0.99987,0.9912868632707775,0.9423592493297587
1.5,literal,0.04407,5.829040918231421,5.524900508789621,True,0.99797,0.8706434316353887,25201,,,,,
1.5,centred,0.04388,5.372777751123103,5.524900508789621,True,0.99974,0.9832439678284183,25201,5.444819303824411,324.0,0.99995,0.9966487935656837,0.9865951742627346
0.0,literal,0.35783,0.3377369165896926,0.7132823797832311,True,0.99462,0.8816408876933423,25217,,,,,
0.0,centred,0.35793,0.3657775327807977,0.7132823797832311,True,0.99622,0.9172831203765972,25217,0.44148719649674817,986.0,0.99967,0.9952925353059852,0.9206455951580363
1.5,literal,0.36064,1.1256782315594238,1.402349078240972,True,0.99581,0.9018157363819771,25217,,,,,
1.5,centred,0.36054,1.0976376153683187,1.402349078240972,True,0.99883,0.9757901815736382,25217,1.1116579234638824,816.0,0.99987,0.9966375252185609,0.9751176866173503
