p,occ_err_pct,id,render_s,fuse_s,total_s,n_faces,grid_box
0.34835,1.792894624466368,24943,61.329185009002686,219.36530876159668,591.2274491786957,10504,"[[2, 0, 3], [254, 256, 253]]"
0.04013,8.089959157450831,24954,18.492933750152588,109.50738143920898,211.31510663032532,36856,"[[0, 33, 50], [256, 223, 206]]"
0.31834,2.213942524875123,25022,38.12587833404541,182.11000275611877,498.43629240989685,13360,"[[12, 0, 6], [244, 256, 250]]"
0.25528,2.312192303696059,25026,36.24606132507324,192.496515750885,414.48165464401245,5704,"[[10, 18, 0], [246, 238, 256]]"
0.02157,7.722004029411522,25039,12.710663080215454,70.72597885131836,118.5425636768341,13128,"[[39, 80, 0], [217, 176, 256]]"
0.07547,3.947159660252497,25111,22.526162147521973,93.49039316177368,204.754292011261,12176,"[[44, 0, 54], [212, 256, 202]]"
0.10645,6.240970390262501,25173,36.82236075401306,218.77167510986328,552.8664171695709,61488,"[[0, 17, 9], [256, 239, 247]]"
0.18948,2.211216587263576,25183,23.949252605438232,153.7718825340271,318.11231231689453,8832,"[[0, 34, 25], [256, 222, 231]]"
0.04412,5.949110172733629,25201,18.96523666381836,215.2795124053955,296.3180627822876,14160,"[[0, 32, 16], [256, 224, 240]]"
0.36171,1.425712824804104,25217,45.139498233795166,221.5359284877777,584.1164786815643,10580,"[[5, 2, 0], [251, 254, 256]]"
