offset_vox,convention,p,occ_err_pct,fused_mesh_err_pct,fused_watertight,agree_all,agree_near_0.01,t50,w,t50_converged,id
0.0,literal,0.09908,1.6538162750477037,2.3417434050578168,True,0.99645,0.8622552329507089,0.0015630035850562798,0.001353674471066496,False,24558
0.0,centred,0.09896,1.5306990167412327,2.3417434050577945,True,0.99761,0.9061444969615124,0.0015569744482746822,0.00017978318463196728,True,24558
0.75,literal,0.10015,2.7516118282804536,3.353521956428862,True,0.99702,0.8804861580013504,0.0022775449356081576,0.0012559383001143956,True,24558
0.75,centred,0.10003,2.6284945699739826,3.35352195642884,True,0.99868,0.9466576637407157,0.002299572540271507,0.000290054623380686,True,24558
1.5,literal,0.10095,3.572393550323616,4.299319548671066,True,0.9972,0.886563133018231,0.0028587809270279366,0.0012437153792543927,True,24558
1.5,centred,0.101,3.623692407951329,4.299319548671066,True,0.99955,0.9817690749493585,0.003039613368923146,0.000453713166646132,True,24558
0.0,literal,0.05643,2.4341775903666596,2.912135138535321,True,0.9975,0.8633093525179856,0.0017147277409990597,0.0014032166816673112,True,24611
0.0,centred,0.05635,2.2889581289590843,2.912135138535321,True,0.9982,0.9032047089601046,0.0017078328918007707,0.00023025297343828892,True,24611
0.75,literal,0.05715,3.7411527430348146,4.033257697648729,True,0.99778,0.8763897972531066,0.002444102082944209,0.0013391064920041545,True,24611
0.75,centred,0.05709,3.6322381469791276,4.033257697648729,True,0.99894,0.9431000654022237,0.0024171819931544446,0.0002782112874223745,True,24611
1.5,literal,0.05771,4.757688972887819,5.0796537295184185,True,0.9977,0.8705035971223022,0.00297511579573643,0.0014592059048866618,True,24611
1.5,centred,0.05785,5.011823030351059,5.079653729518374,True,0.9997,0.9856115107913669,0.0031964121186942632,0.0003551616651389014,True,24611
0.0,literal,0.35305,0.573081136741993,0.7227582976140123,True,0.99507,0.8929521276595744,0.0011716961620221262,0.001271914923501609,True,24853
0.0,centred,0.35283,0.510409906462761,0.7227582976140345,True,0.99641,0.9208776595744681,0.0009836098571737134,0.00018507813767897695,True,24853
0.75,literal,0.3543,0.929167672419462,1.0882257763789926,True,0.99556,0.9022606382978723,0.0018071708089127004,0.0012180947877245335,True,24853
0.75,centred,0.35406,0.8607990575693725,1.0882257763789926,True,0.99764,0.949468085106383,0.001605879922480317,0.00022917903540805226,True,24853
1.5,literal,0.3554,1.2425238238156222,1.4267242117357082,True,0.9958,0.910904255319149,0.00233627940497715,0.0011871359924580536,True,24853
1.5,centred,0.35531,1.2168855932468414,1.4267242117357304,True,0.99889,0.973404255319149,0.0021710481518906134,0.00023638632677787136,True,24853
0.0,literal,0.06713,0.2747326046773191,2.056884985627394,True,0.99799,0.8826322930800543,0.0014751377249940293,0.0011965854681062174,True,24898
0.0,centred,0.06725,0.45398134462313333,2.056884985627394,True,0.99861,0.9199457259158752,0.0015414156355221288,0.00018427441119218656,True,24898
0.75,literal,0.06771,1.1411015144153325,2.823888977272393,True,0.99819,0.8921302578018996,0.002098715407828406,0.0012267435835411557,True,24898
0.75,centred,0.06781,1.2904754643701555,2.823888977272393,True,0.99917,0.9518317503392131,0.0021846275372096394,0.0002373046499628974,True,24898
1.5,literal,0.06813,1.7684721042256157,3.5356611212663758,True,0.99829,0.8975576662143826,0.0025676124316254332,0.0012244303994905991,True,24898
1.5,centred,0.06831,2.037345214144315,3.535661121266398,True,0.99967,0.9810040705563093,0.002716603683390079,0.00028973043656312336,True,24898
0.0,literal,0.18607,1.034810906468131,1.29709270643259,True,0.99621,0.8863945578231293,0.001361688206271003,0.001127646205073581,True,24925
0.0,centred,0.18605,1.0239510353544201,1.2970927064325677,True,0.99717,0.9102040816326531,0.0012911299755367102,0.000182314423468959,True,24925
0.75,literal,0.18714,1.6158140110520192,1.873441545968002,True,0.99666,0.9027210884353741,0.0019089989829221647,0.0010285238789733988,True,24925
0.75,centred,0.18725,1.6755433021774513,1.8734415459680243,True,0.99837,0.9476190476190476,0.0019444087056384532,0.0002635303082501077,True,24925
1.5,literal,0.18832,2.2565464067613172,2.409128718236797,True,0.9971,0.9170068027210885,0.0025562957335310494,0.0010117385778955633,True,24925
1.5,centred,0.18833,2.2619763423181727,2.409128718236775,True,0.99945,0.9843537414965986,0.0026232841101858743,0.00031288101490725933,True,24925
0.0,literal,0.34435,0.6240369281900193,0.7689972228782427,True,0.99492,0.8842975206611571,0.0009421241143001406,0.0011893891983319016,True,24943
0.0,centred,0.34469,0.7233898323735222,0.7689972228781983,True,0.99634,0.9201101928374655,0.0010451311734888046,0.00021144425883112556,True,24943
0.75,literal,0.3457,1.0185264006833172,1.1484404522978053,True,0.99561,0.8987603305785123,0.0015636720988135937,0.0011515654080548748,True,24943
0.75,centred,0.34605,1.1208014491074891,1.1484404522978053,True,0.9977,0.949724517906336,0.0016792918209676056,0.0001753250442935039,True,24943
1.5,literal,0.34708,1.4217823058986445,1.4999031275329866,True,0.99613,0.9104683195592287,0.002215818512221027,0.001151250872936936,True,24943
1.5,centred,0.34724,1.4685366137496825,1.49990312753292,True,0.99889,0.9752066115702479,0.002283267277818204,0.0002911584272497116,True,24943
0.0,literal,0.03874,4.346000940933115,3.854823731472412,True,0.99825,0.8903269754768393,0.0015553652954525309,0.0010035944040856048,True,24954
0.0,centred,0.03881,4.5345455993188954,3.8548237314724565,True,0.99868,0.9189373297002725,0.0017374431499754225,0.00024439054177559377,True,24954
0.75,literal,0.03925,5.719683452029556,5.255619667174005,True,0.99854,0.9073569482288828,0.002159245966653642,0.0010015979377605872,True,24954
0.75,centred,0.03939,6.0967727688011175,5.255619667173983,True,0.99924,0.952316076294278,0.002379601980127893,0.00031540721551745796,True,24954
1.5,literal,0.03984,7.308845572709743,6.564449022625896,True,0.99863,0.912125340599455,0.0028685939071747242,0.0011014590122723706,True,24954
1.5,centred,0.04,7.739804791877236,6.564449022625896,True,0.99977,0.9843324250681199,0.003043135640479371,0.00030853336744755865,True,24954
0.0,literal,0.31468,1.038774372456186,0.7790049625712614,True,0.99526,0.8960526315789473,0.0009427466995914047,0.0011248566770623535,True,25022
0.0,centred,0.31479,1.0740936338676788,0.7790049625712614,True,0.99645,0.9171052631578948,0.0010187911930542115,0.00017492579759204223,True,25022
0.75,literal,0.31602,1.4690271932871424,1.140339702113491,True,0.99578,0.905921052631579,0.001653638926242032,0.0011391707296164412,True,25022
0.75,centred,0.31605,1.4786597191266404,1.140339702113491,True,0.99771,0.9519736842105263,0.001753738983371329,0.00020500375170618175,True,25022
1.5,literal,0.31728,1.8735932785461262,1.474918681394044,True,0.99604,0.9105263157894737,0.002219455397331902,0.0011731514875734687,True,25022
1.5,centred,0.3172,1.8479065429741093,1.4749186813940218,True,0.99886,0.9769736842105263,0.002259024961988042,0.00022996736875836532,True,25022
0.0,literal,0.2525,1.1980122088814493,0.9541139552959654,True,0.99638,0.9040055248618785,0.0011996084584283302,0.000948353775662027,True,25026
0.0,centred,0.25245,1.1779729985430532,0.9541139552960098,True,0.99717,0.9171270718232044,0.0010909166013267448,0.00024226917394095266,True,25026
0.75,literal,0.25353,1.6108199418523261,1.3729977381458536,True,0.99687,0.9157458563535912,0.0016876766936238016,0.0010063530289446709,True,25026
0.75,centred,0.25351,1.602804257716972,1.3729977381458758,True,0.99823,0.9502762430939227,0.0017988424647606236,0.00021873107071269867,True,25026
1.5,literal,0.25441,1.9635100438080366,1.7602371382110515,True,0.99729,0.9295580110497238,0.0022220737765712346,0.0010118682680089967,True,25026
1.5,centred,0.25447,1.9875570962140765,1.7602371382110515,True,0.99919,0.9751381215469613,0.0023871628972726203,0.00030764962857444413,True,25026
0.0,literal,0.0209,4.375979796694507,5.485554854854335,True,0.99891,0.90595340811044,0.001638224941352108,0.0010174562086843152,True,25039
0.0,centred,0.02093,4.525801777263938,5.485554854854335,True,0.99936,0.9447799827437446,0.0017197917799817903,0.0002137479160186383,True,25039
0.75,literal,0.02128,6.273724883907139,6.935701971285346,True,0.99897,0.911130284728214,0.0022814644749518777,0.0010628896112857042,True,25039
0.75,centred,0.02122,5.974080922768299,6.9357019712853685,True,0.99965,0.9698015530629853,0.0022568806814569544,0.00016474726962403162,True,25039
1.5,literal,0.02161,7.921766670170749,8.271301210745975,True,0.999,0.913718723037101,0.0028385854173510416,0.001005718864631007,True,25039
1.5,centred,0.02154,7.572182048842091,8.271301210745975,True,0.99985,0.9870578084555651,0.0027981822970566794,0.0002946509823169589,True,25039
0.0,literal,0.07366,1.4541908119014346,2.3306361173286216,True,0.99751,0.8839344262295082,0.0014921226272349454,0.0012057223066507573,True,25111
0.0,centred,0.07375,1.5781505888912362,2.3306361173285994,True,0.99828,0.9154098360655738,0.0014840472244577714,0.00016288372825581669,True,25111
0.75,literal,0.07444,2.5285088791466404,3.269382977137947,True,0.99779,0.8970491803278688,0.002159462110112131,0.001231136772660789,True,25111
0.75,centred,0.07457,2.707561890354171,3.269382977137947,True,0.9991,0.9567213114754098,0.0023011722635245414,0.00027699243000709736,True,25111
1.5,literal,0.0752,3.575280329283026,4.150195173486337,True,0.99797,0.9081967213114754,0.0029405314681374005,0.0012339266205885025,True,25111
1.5,centred,0.07522,3.6028269463918683,4.150195173486337,True,0.99975,0.9895081967213115,0.0029129401944973316,0.0003322250526502122,True,25111
0.0,literal,0.10334,3.137077314511294,2.6736272294624053,True,0.99559,0.8754231550440081,0.0015339987606874023,0.0012150274139260567,True,25173
0.0,centred,0.10336,3.157038041686544,2.6736272294624053,True,0.99691,0.9214624238320921,0.0015209650291621675,0.0002731102054574555,True,25173
0.75,literal,0.10461,4.404583490139613,3.9149398077819253,True,0.99608,0.8909952606635071,0.00222797789721879,0.0011434223591786378,True,25173
0.75,centred,0.10478,4.574249671129227,3.9149398077819697,True,0.99833,0.9587000677048071,0.0023216666747336357,0.0003362182373131739,True,25173
1.5,literal,0.10593,5.721991483706024,5.088854261769726,True,0.99616,0.8943805010155721,0.00286919548876926,0.0011784962490565415,True,25173
1.5,centred,0.10613,5.921598755458524,5.088854261769682,True,0.9994,0.983750846310088,0.002994848113142882,0.0004788202654507248,True,25173
0.0,literal,0.18734,1.0568361592672604,1.0912931558876293,True,0.99704,0.8931771192281185,0.001248529794100595,0.00107730559945285,True,25183
0.0,centred,0.18731,1.0406532560710335,1.0912931558876515,True,0.99783,0.9186767746381805,0.0011601467114901824,0.00019767744138087212,True,25183
0.75,literal,0.18819,1.5153517498265323,1.5239221276963644,True,0.99757,0.9097174362508614,0.001823382719977304,0.0010549549669172243,True,25183
0.75,centred,0.18818,1.5099574487611456,1.5239221276963422,True,0.9987,0.9531357684355617,0.0018333269780543377,0.00019347042353849475,True,25183
1.5,literal,0.18886,1.8767699212085542,1.9263192686079345,True,0.99784,0.923501033769814,0.002375703945829608,0.0010650510834513622,True,25183
1.5,centred,0.18885,1.8713756201431453,1.9263192686079122,True,0.99937,0.9786354238456237,0.002352232173294908,0.00017458785712273013,True,25183
0.0,literal,0.04309,3.4756835299884825,3.432844563588744,True,0.99785,0.8632707774798928,0.001720088862220362,0.0015453063138833956,True,25201
0.0,centred,0.04309,3.4756835299884825,3.4328445635887217,True,0.99897,0.9349865951742627,0.001717197187781561,0.00030977119076866034,True,25201
0.75,literal,0.04359,4.676376075010391,4.52506959561767,True,0.99791,0.8679624664879356,0.002385335786237256,0.0015466963542015322,True,25201
0.75,centred,0.04359,4.676376075010391,4.525069595617692,True,0.99947,0.9664879356568364,0.002444695225316214,0.0002456114718995658,True,25201
1.5,literal,0.04407,5.829040918231421,5.524900508789621,True,0.99797,0.8706434316353887,0.0029743299590933065,0.0015447068731396568,True,25201
1.5,centred,0.04388,5.372777751123103,5.524900508789621,True,0.99974,0.9832439678284183,0.002847286306493782,0.0003086640631472632,True,25201
0.0,literal,0.35783,0.3377369165896926,0.7132823797832311,True,0.99462,0.8816408876933423,0.0008809792029097235,0.0011724716982412292,True,25217
0.0,centred,0.35793,0.3657775327807977,0.7132823797832311,True,0.99622,0.9172831203765972,0.0010189693429646914,0.0001789108128196421,True,25217
0.75,literal,0.35931,0.7527380362178704,1.0709291831419998,True,0.99526,0.8910558170813719,0.0016419413467407534,0.0012753876878826126,True,25217
0.75,centred,0.35944,0.7891908372662959,1.0709291831419776,True,0.99773,0.9502353732347008,0.0016925156013176796,0.00020560766520648095,True,25217
1.5,literal,0.36064,1.1256782315594238,1.402349078240972,True,0.99581,0.9018157363819771,0.002320121607633982,0.001237261665221646,True,25217
1.5,centred,0.36054,1.0976376153683187,1.402349078240972,True,0.99883,0.9757901815736382,0.0021957963218414396,0.00021896714453800725,True,25217
0.0,literal,0.09134,2.202889608473746,2.4378667609588733,True,0.99697,0.8697738176833447,0.0014780429938483033,0.0009834880033419199,True,25252
0.0,centred,0.09153,2.4154859411386287,2.437866760958829,True,0.99766,0.8951336531871145,0.0015423600460382958,0.00020474727737999243,True,25252
0.75,literal,0.09248,3.4784676044630203,3.5192230963832616,True,0.99775,0.9019876627827279,0.0022882750930783226,0.0009734031667123535,True,25252
0.75,centred,0.09254,3.545603288462451,3.5192230963832616,True,0.99867,0.9383139136394791,0.0024385771621411906,0.00033922368322808374,True,25252
1.5,literal,0.09333,4.429556461121664,4.543178193783692,True,0.99816,0.9266620973269363,0.003022271968450966,0.0010236824318234279,True,25252
1.5,centred,0.0935,4.619774232453411,4.543178193783692,True,0.99963,0.9814941740918437,0.0032523075783160464,0.0005269330633338174,True,25252
0.0,literal,0.12103,1.9293642434203617,2.1217595252974064,True,0.99706,0.9054857898215466,0.0015739003446113508,0.0009326905849603075,True,25261
0.0,centred,0.12102,1.920942417076188,2.1217595252974064,True,0.99747,0.9187045604758758,0.0015400015113308642,0.00018444090923876822,True,25261
0.75,literal,0.12218,2.897874272999257,2.970926398018392,True,0.99767,0.9226701916721745,0.002213156292661132,0.001024192402393372,True,25261
0.75,centred,0.12221,2.9231397520317337,2.9709263980183476,True,0.99866,0.9583608724388631,0.002279043514833035,0.0002411839027177944,False,25261
1.5,literal,0.12333,3.866384302578152,3.766223314948669,True,0.9979,0.9279576999339062,0.002977762758906245,0.001097155512069087,False,25261
1.5,centred,0.12317,3.731635081071527,3.766223314948669,True,0.99956,0.9861202908129544,0.002834517538937323,0.0004003027771052876,True,25261
0.0,literal,0.13322,2.5596807282044276,1.5037870835505673,True,0.99725,0.8917835671342685,0.0014391057934291303,0.001268761123110509,True,25284
0.0,centred,0.13307,2.4442029312577995,1.5037870835506117,True,0.9979,0.9158316633266533,0.0013983597665621272,0.00018819115921673313,True,25284
0.75,literal,0.13391,3.09087859415893,2.1094155304517637,True,0.99722,0.8931195724782899,0.002000696654912272,0.0013246636763613168,True,25284
0.75,centred,0.13388,3.0677830347696,2.1094155304517637,True,0.99871,0.9492317969271877,0.0020635837708193965,0.00020627188752652358,True,25284
1.5,literal,0.13474,3.7298557372636543,2.675985713782003,True,0.99731,0.8964595858383434,0.0026284566286118283,0.001313444144848816,True,25284
1.5,centred,0.13473,3.7221572174672035,2.675985713781981,True,0.99956,0.9826319305277221,0.002676190378352122,0.00031596315984678836,True,25284
0.0,literal,0.35923,0.6065291849306265,0.7176258646163003,True,0.99419,0.880456682337139,0.0009861556565765725,0.001218815754575281,True,25360
0.0,centred,0.35906,0.5589187126386674,0.7176258646163003,True,0.99566,0.9113498992612492,0.0010033917269327924,0.0001502447286389069,True,25360
0.75,literal,0.36051,0.965008035128867,1.0747510553968498,True,0.99469,0.8912021490933513,0.0015795375310365448,0.0012651184490103686,True,25360
0.75,centred,0.36054,0.9734098831803983,1.0747510553968498,True,0.99714,0.941571524513096,0.0016457266385578827,0.00017381993692237375,True,25360
1.5,literal,0.36185,1.340290581430148,1.407020129649661,True,0.99507,0.8925453324378778,0.0022745397150331094,0.0013409604953355154,False,25360
1.5,centred,0.36198,1.3766985896534134,1.407020129649661,True,0.99858,0.9704499664204164,0.002247019363323985,0.00023993776882118544,True,25360
0.0,literal,0.0936,2.4609617340120016,2.227880084700695,True,0.99738,0.892904073587385,0.0015539039478886228,0.0011014911985315098,True,25485
0.0,centred,0.09352,2.3733882624444647,2.2278800847007396,True,0.99794,0.9099868593955321,0.0014472562735859643,0.00018874270238081867,True,25485
0.75,literal,0.09443,3.3695365015251166,3.0869825741254964,True,0.99773,0.90473061760841,0.0022541823219251462,0.0010910812016344952,True,25485
0.75,centred,0.09436,3.292909713903547,3.0869825741255186,True,0.99878,0.9480946123521682,0.0021737797090988515,0.00027818618411115756,True,25485
1.5,literal,0.09519,4.201484481416684,3.892261345177306,True,0.99799,0.9139290407358739,0.00285347151684443,0.0011428017445763085,True,25485
1.5,centred,0.09517,4.1795911135248165,3.892261345177306,True,0.99957,0.9822601839684626,0.0028112925775086433,0.0004040776071085954,True,25485
0.0,literal,0.31899,0.28389589153559047,0.7941939769778639,True,0.99527,0.8799472295514512,0.0009321131729231902,0.0012001902441294591,True,25501
0.0,centred,0.31933,0.3907848993512708,0.7941939769778639,True,0.99679,0.9215039577836411,0.0011639998851550853,0.0001911965078432405,True,25501
0.75,literal,0.3203,0.6957329510606902,1.1667825381435293,True,0.99572,0.8931398416886543,0.0015979983783427688,0.0012425775631758778,True,25501
0.75,centred,0.32036,0.714595717145805,1.1667825381435293,True,0.99782,0.9465699208443272,0.001709012339003658,0.00019102803587386718,True,25501
1.5,literal,0.3215,1.0729882727630757,1.5132943055990111,True,0.99582,0.8944591029023746,0.002270280622838435,0.001303443344585594,True,25501
1.5,centred,0.32143,1.0509817123304233,1.5132943055990333,True,0.99889,0.9722955145118733,0.0022775185829127715,0.0002154984472903312,True,25501
0.0,literal,0.19966,0.9062327265061398,1.1001707534369354,True,0.99665,0.8876190476190476,0.0012415321735753907,0.001154024636185775,True,25535
0.0,centred,0.19991,1.0325803083033103,1.100170753436891,True,0.99766,0.9288888888888889,0.0012761049916726397,0.00019792363352186628,True,25535
0.75,literal,0.20055,1.3560301177041323,1.540915329225867,True,0.99718,0.9047619047619048,0.0018058056650035327,0.0011487164102377697,True,25535
0.75,centred,0.20069,1.4267847635105468,1.5409153292258448,True,0.99844,0.9498412698412698,0.001787954083875447,0.0001890236492409841,True,25535
1.5,literal,0.20149,1.831097025261541,1.9474369672356495,True,0.99754,0.9206349206349206,0.002425358596892769,0.0010788050217339885,True,25535
1.5,centred,0.20155,1.8614204448928584,1.9474369672356495,True,0.9993,0.9796825396825397,0.0024673490093341287,0.000288731313235651,True,25535
0.0,literal,0.1304,0.5309047326221839,1.4951975458780131,True,0.99692,0.8841544607190412,0.0013650795254682687,0.0011161879513745454,True,25555
0.0,centred,0.13005,0.2610748502876792,1.4951975458780131,True,0.99757,0.90745672436751,0.0013663262491377618,0.0002036339839471685,True,25555
0.75,literal,0.1312,1.1476587493867596,2.081499075754656,True,0.99726,0.8981358189081226,0.0018639651039034483,0.001127039721906172,True,25555
0.75,centred,0.13103,1.0165985208242745,2.081499075754656,True,0.99855,0.9447403462050599,0.00196632307165899,0.00024461807385253644,True,25555
1.5,literal,0.13188,1.6718996636366112,2.6283504620713716,True,0.99726,0.8961384820239681,0.0023982450144681604,0.0012635785501890952,True,25555
1.5,centred,0.13194,1.718156214893951,2.6283504620713716,True,0.99946,0.9800266311584553,0.0025428695928570557,0.00025207088528095034,True,25555
0.0,literal,0.31488,0.2635940344796417,0.754727498507668,True,0.99538,0.8839344262295082,0.0009469095892393649,0.0011928873384968613,True,25588
0.0,centred,0.3149,0.26996240300316554,0.754727498507668,True,0.9967,0.9160655737704918,0.001051040856750195,0.0001834073396965737,True,25588
0.75,literal,0.31601,0.6234068560591721,1.1002464980099491,True,0.99583,0.8911475409836066,0.0014721121611857048,0.0012030974569121962,True,25588
0.75,centred,0.31603,0.629775224582696,1.1002464980099713,True,0.99783,0.9442622950819672,0.0016284808892624804,0.00016613101538304762,True,25588
1.5,literal,0.31707,0.9609303878063358,1.4197338790705283,True,0.99613,0.9016393442622951,0.0020851145150759093,0.0012023230938979386,True,25588
1.5,centred,0.31698,0.9322727294504229,1.4197338790705283,True,0.99878,0.9672131147540983,0.0019951223199171533,0.00023077150242441027,True,25588
0.0,literal,0.26185,0.9833774998261768,0.9443580971801868,True,0.99582,0.8924870466321243,0.0012141425559609783,0.001069980469867153,True,25611
0.0,centred,0.26176,0.9486686818961143,0.9443580971801868,True,0.99653,0.9119170984455959,0.0012236131958537984,0.00022836245571683313,True,25611
0.75,literal,0.26309,1.4615878801957916,1.3797634681582238,True,0.99644,0.9106217616580311,0.0018390033427113845,0.0010553464605169826,True,25611
0.75,centred,0.26301,1.4307355975913039,1.3797634681582238,True,0.99778,0.9462435233160622,0.0018807049060457146,0.00023077050363022868,True,25611
1.5,literal,0.2642,1.889663301333111,1.7832758626039835,True,0.99665,0.9196891191709845,0.002330076103296214,0.0010549464468459471,True,25611
1.5,centred,0.26414,1.8665240893797286,1.7832758626039835,True,0.99891,0.9753886010362695,0.0024742922331949593,0.00029249302881243275,True,25611
0.0,literal,0.01328,5.792193095240217,6.1876374588346605,True,0.99921,0.90125,0.0018766148879346958,0.0010251485462925165,True,25616
0.0,centred,0.01325,5.553204707223869,6.187637458834638,True,0.99946,0.9325,0.0018291420879277607,0.0003178933006138927,True,25616
0.75,literal,0.01358,8.182076975403785,7.696814225318471,True,0.99935,0.91875,0.00254330197175737,0.0008286622194922762,True,25616
0.75,centred,0.01348,7.385449015349255,7.696814225318405,True,0.99969,0.96125,0.0023377053265649793,0.00030087006753062276,True,25616
1.5,literal,0.01377,9.695670099507359,9.072344792117025,True,0.9993,0.9125,0.0029671520161448123,0.0009340519652220517,True,25616
1.5,centred,0.01375,9.536344507496475,9.072344792117025,True,0.99992,0.99,0.0028931863181229835,0.0001463893102757394,True,25616
0.0,literal,0.17595,6.3613430550678585,5.819872214823207,True,0.99587,0.8837981407702523,0.002682758534609188,0.0028321214234975248,True,25660
0.0,centred,0.17571,6.216263644251074,5.819872214823185,True,0.99689,0.9043824701195219,0.002565125354639141,0.0025539181592899966,True,25660
0.75,literal,0.17709,7.050470256447672,6.451482010898757,True,0.99593,0.8871181938911022,0.003274015434580786,0.0027841301115465416,True,25660
0.75,centred,0.17705,7.026290354644882,6.451482010898779,True,0.99821,0.9415670650730412,0.003298604407208099,0.0024428037088388204,True,25660
1.5,literal,0.17812,7.673102727869785,7.039816419200928,True,0.996,0.8891102257636122,0.003917290035853337,0.002739360541920231,True,25660
1.5,centred,0.17808,7.648922826066973,7.039816419200928,True,0.99922,0.9741035856573705,0.003965284320364517,0.0023587656356347645,True,25660
0.0,literal,0.04813,4.150754853710481,2.8845623618422245,True,0.99829,0.8912751677852349,0.0014158691147984558,0.001142594577496612,True,25704
0.0,centred,0.0482,4.302231122976208,2.8845623618422245,True,0.99882,0.925503355704698,0.0016284576406472976,0.00021867172876359708,True,25704
0.75,literal,0.04876,5.514041277102066,3.950682225684221,True,0.99856,0.9087248322147651,0.0022190726833396816,0.001160074630241651,True,25704
0.75,centred,0.04867,5.319286073760421,3.950682225684199,True,0.99929,0.9543624161073826,0.002228581550568106,0.00023446559456588817,True,25704
1.5,literal,0.04931,6.704211964189977,4.955630119144128,True,0.99855,0.9073825503355705,0.0029002269470970823,0.0012292966206361839,True,25704
1.5,centred,0.04921,6.4878172938103384,4.955630119144128,True,0.99979,0.9859060402684564,0.002833774072456969,0.0004085577851367694,True,25704
0.0,literal,0.0518,1.7070338514230565,3.099845598234663,True,0.99826,0.9066305818673883,0.0016809008117420335,0.0009737145437508351,True,25794
0.0,centred,0.05176,1.6284956013447482,3.0998455982346407,True,0.99874,0.93234100135318,0.0016610961069959832,0.00018816672148914195,True,25794
0.75,literal,0.05226,2.6102237273237128,4.233517130012943,True,0.99842,0.9127198917456022,0.0021698066685902407,0.0010043194937316043,True,25794
0.75,centred,0.05228,2.649492852362889,4.233517130012943,True,0.99926,0.9627875507442489,0.0022945937634464885,0.0002415779054704412,True,25794
1.5,literal,0.05274,3.5526827282635676,5.284386194430146,True,0.99856,0.9194857916102842,0.002724262809604966,0.001070030556935471,True,25794
1.5,centred,0.05287,3.807932041018103,5.284386194430146,True,0.99981,0.989851150202977,0.0028992323441468107,0.00038963833137259016,True,25794
0.0,literal,0.0475,3.5862356645705473,3.6939446338657866,True,0.99794,0.8873426110006627,0.0017058468175210914,0.0011652702252178593,True,25822
0.0,centred,0.04748,3.542620407448638,3.6939446338657866,True,0.9986,0.925115970841617,0.001737912261348376,0.0003232810125030202,True,25822
0.75,literal,0.0482,5.1127696638378906,4.987980737072362,True,0.99806,0.8919814446653412,0.0023694617818863692,0.0012230070601066004,True,25822
0.75,centred,0.04798,4.633001835496731,4.987980737072362,True,0.9991,0.9502982107355865,0.0022418592577375758,0.0003425465688294012,True,25822
1.5,literal,0.0488,6.421227377495642,6.189920490946443,True,0.9982,0.899271040424122,0.0029380390168827313,0.0012504870060650374,True,25822
1.5,centred,0.04857,5.919651920593516,6.189920490946443,True,0.99959,0.9774685222001326,0.0028381741298813368,0.000361679907785814,True,25822
0.0,literal,0.1303,0.7894402966343472,1.8016791419963374,True,0.99587,0.8457411133467472,0.001322590237120827,0.0015526801494748434,True,25896
0.0,centred,0.12998,0.5419144263740128,1.8016791419963818,True,0.99677,0.8886653252850436,0.0014572475975786951,0.000218320796393994,True,25896
0.75,literal,0.13165,1.8336900617951901,2.7928316545666743,True,0.99602,0.8571428571428571,0.0022088008001254046,0.0015278879490088749,True,25896
0.75,centred,0.13141,1.6480456590999282,2.7928316545666743,True,0.9982,0.9416498993963782,0.002383924684030149,0.0002890059231689131,True,25896
1.5,literal,0.13299,2.8702046435103767,3.737008932663577,True,0.99594,0.8591549295774648,0.003067199386542693,0.0016153340194647774,True,25896
1.5,centred,0.13269,2.6381491401413104,3.7370089326635547,True,0.99946,0.9818913480885312,0.0031939451079100512,0.000503870699692124,True,25896
0.0,literal,0.19504,0.15017342030059222,1.1796205230599988,True,0.99632,0.8842247799593771,0.0015215006886107577,0.0012597387949458243,True,25962
0.0,centred,0.19506,0.16044312635272728,1.1796205230599988,True,0.99746,0.9119837508463101,0.0013172261073492843,0.0001644183618010609,True,25962
0.75,literal,0.19619,0.7406815182976478,1.7267519114301466,True,0.99691,0.9018280297901151,0.0021906945603664763,0.0011409360968949508,True,25962
0.75,centred,0.19608,0.6841981350109716,1.7267519114301466,True,0.99848,0.9417738659444821,0.001900422127569584,0.0002971912606693147,True,25962
1.5,literal,0.19717,1.2438971148516886,2.240718605499392,True,0.99713,0.906567366283006,0.0027805984883882283,0.0011284769220424856,True,25962
1.5,centred,0.19699,1.1514697603825619,2.240718605499392,True,0.99939,0.976303317535545,0.0025346140547755163,0.0003379615067760114,True,25962
0.0,literal,0.17865,1.6569729481946016,1.2835537261383534,True,0.99595,0.8713910761154856,0.0013208135670883595,0.0013619331611863525,True,26121
0.0,centred,0.17872,1.6968049555070586,1.2835537261383756,True,0.99726,0.9173228346456693,0.0014271947998625298,0.00018808700071586213,True,26121
0.75,literal,0.17967,2.2373821976049424,1.8285651832380845,True,0.99613,0.8792650918635171,0.0019396291433869007,0.001368030384645782,True,26121
0.75,centred,0.1797,2.2544530578817,1.8285651832380845,True,0.99824,0.9481627296587927,0.002022958474671999,0.00024330196258836966,True,26121
1.5,literal,0.18061,2.7722691529438626,2.3362727706565334,True,0.99633,0.8877952755905512,0.002550588470396087,0.001361602394881503,True,26121
1.5,centred,0.18073,2.8405525940509824,2.3362727706565556,True,0.99927,0.9776902887139107,0.0025655775193961783,0.0003399922693774287,True,26121
0.0,literal,0.1666,1.3919143075526108,1.3452597330958715,True,0.99701,0.8996088657105606,0.0013493846858657777,0.0007600508367575865,True,26135
0.0,centred,0.16677,1.4953754446011436,1.3452597330958715,True,0.99756,0.9152542372881356,0.0013528536809346416,0.00021344722388634373,True,26135
0.75,literal,0.16754,1.9639935359385685,1.894038630182271,True,0.99761,0.9217731421121251,0.0019489115900838824,0.0007508710905188625,True,26135
0.75,centred,0.16758,1.9883373328911658,1.894038630182271,True,0.99837,0.9432855280312907,0.0018882369785046757,0.0002362882912326151,True,26135
1.5,literal,0.16848,2.536072764324504,2.402311412837488,True,0.99807,0.9341590612777053,0.0026334027072229746,0.0008242708372616889,True,26135
1.5,centred,0.16855,2.5786744089915548,2.402311412837488,True,0.99934,0.9758800521512386,0.002574988440853602,0.00032018957299428995,True,26135
0.0,literal,0.05938,2.783821713359269,2.367738528915253,True,0.99805,0.8896103896103896,0.0012003951196488288,0.0011109727869469737,True,26173
0.0,centred,0.05976,3.441582781918995,2.367738528915253,True,0.99889,0.9357142857142857,0.0015996649494627972,0.00020005035537744593,True,26173
0.75,literal,0.06004,3.926248832436685,3.2522144097131056,True,0.99815,0.8922077922077922,0.001974982904336978,0.001240129302389722,True,26173
0.75,centred,0.06023,4.255129366716526,3.252214409713061,True,0.99936,0.962987012987013,0.00214317223063419,0.00015000068635385652,True,26173
1.5,literal,0.06059,4.878271431667858,4.077105431101846,True,0.99828,0.8974025974025974,0.002616848839885627,0.0012381690730552627,True,26173
1.5,centred,0.06068,5.034056947905685,4.077105431101868,True,0.99977,0.9863636363636363,0.0027635722996663357,0.0003494021261079215,True,26173
0.0,literal,0.13281,2.5914235660539964,1.655924199185277,True,0.99686,0.8957345971563981,0.0014849068851022697,0.0013131404305019548,True,26177
0.0,centred,0.13282,2.59914824217522,1.6559241991852103,True,0.99779,0.932972241029113,0.001602380806560713,0.0003306250890381269,True,26177
0.75,literal,0.13362,3.2171223318735898,2.3198481450585673,True,0.99711,0.9072444143534191,0.0021428160924812853,0.0012290484093104078,True,26177
0.75,centred,0.13376,3.325267797570808,2.3198481450585673,True,0.99875,0.95937711577522,0.0021584832609055165,0.00028305794429965526,True,26177
1.5,literal,0.13457,3.9509665633904234,2.9384582219464717,True,0.99726,0.9092755585646581,0.0028636193551964816,0.001196246708541078,True,26177
1.5,centred,0.13448,3.8814444782993673,2.9384582219464495,True,0.99947,0.982396750169262,0.00263780612959308,0.00038910529250435407,True,26177
0.0,literal,0.32157,-0.335047249224818,0.7522370663036515,True,0.99498,0.8894806924101198,0.0007894355742899402,0.0011733047507135736,True,26200
0.0,centred,0.32185,-0.24826618516343713,0.7522370663036515,True,0.9965,0.929427430093209,0.001110848667057987,0.0001945454660645809,True,26200
0.75,literal,0.32307,0.12985130824685331,1.110862749113184,True,0.99568,0.9114513981358189,0.0016724127154915044,0.0010786965726706922,True,26200
0.75,centred,0.32301,0.11125536594798202,1.110862749113184,True,0.99766,0.9507323568575233,0.0016368104979321736,0.00015685882115997913,True,26200
1.5,literal,0.32437,0.5327633913889462,1.4423351429070808,True,0.9959,0.9181091877496671,0.002332764986105497,0.0010963935320839342,True,26200
1.5,centred,0.32414,0.4614789459099544,1.4423351429070808,True,0.99879,0.9786950732356857,0.002258331021889067,0.0001951891465990363,True,26200
0.0,literal,0.08855,2.078313629867967,2.3378835029402856,True,0.99715,0.8866894197952219,0.0015328828443450058,0.001194936493958443,True,26259
0.0,centred,0.0886,2.135952429207255,2.3378835029402634,True,0.99798,0.9255972696245733,0.0015318594302503054,0.00022412818816197255,True,26259
0.75,literal,0.08946,3.127339777842897,3.334876631340933,True,0.99776,0.910580204778157,0.002317941972667193,0.0011156441429639534,True,26259
0.75,centred,0.08952,3.1965063370500424,3.334876631340933,True,0.9989,0.9638225255972697,0.0022951808001532713,0.00028697362769699734,True,26259
1.5,literal,0.09008,3.8420608896499786,4.263790337349493,True,0.9978,0.9112627986348123,0.002826641140128543,0.0011939361082765178,True,26259
1.5,centred,0.0902,3.9803940080642697,4.263790337349493,True,0.99952,0.9836177474402731,0.0027556242912554416,0.0003713424745325216,True,26259
0.0,literal,0.24537,1.132968366154019,1.0296609223412023,True,0.99483,0.8705501618122977,0.0012764772265480323,0.0014656045982870238,True,26376
0.0,centred,0.24529,1.0999951523573248,1.0296609223412023,True,0.99653,0.9145631067961165,0.0011520392030202164,0.0002594850164803715,True,26376
0.75,literal,0.2466,1.6399315282780158,1.5152839399459994,True,0.99516,0.8718446601941747,0.001833810496533562,0.0014981765432351935,True,26376
0.75,centred,0.2467,1.6811480455238836,1.5152839399459994,True,0.99794,0.9540453074433657,0.0019049125716036838,0.00023130053226300606,True,26376
1.5,literal,0.24766,2.0768266110840816,1.9766760332075695,True,0.9953,0.8750809061488674,0.0024008864184980076,0.0015316794269319314,True,26376
1.5,centred,0.24792,2.183989555923316,1.9766760332075695,True,0.99914,0.9818770226537217,0.0025738383784014943,0.000331346380093565,True,26376
0.0,literal,0.06997,3.6737072770103296,2.2849134558596607,True,0.99801,0.8991596638655462,0.0016057828454288001,0.0011291185298243724,True,26425
0.0,centred,0.07011,3.881143592842573,2.2849134558596607,True,0.99881,0.9418228829993536,0.0014866916723697973,0.00019308000481603954,True,26425
0.75,literal,0.07058,4.577536938850768,3.060431142313913,True,0.99826,0.9127343244990304,0.0022160993533061036,0.0011314276213656158,True,26425
0.75,centred,0.07062,4.636804457659993,3.060431142313891,True,0.99932,0.9657401422107305,0.0019960567253456255,0.00025039001101838707,True,26425
1.5,literal,0.07102,5.229479645752089,3.7795460980382556,True,0.99836,0.9191984486102133,0.0026720008699942475,0.0010952614975269562,True,26425
1.5,centred,0.07104,5.259113405156701,3.779546098038278,True,0.99972,0.9864253393665159,0.002478788462816914,0.0003275662017118655,True,26425
0.0,literal,0.36445,-0.3437097098253017,0.6972239728901153,True,0.99432,0.8777027027027027,0.0008521546624031156,0.001298318275101985,True,26476
0.0,centred,0.36465,-0.28902111589462764,0.6972239728900487,True,0.996,0.9141891891891892,0.0009034909000038304,0.00017604031555909828,True,26476
0.75,literal,0.36593,0.060985885261688466,1.0521764776783238,True,0.99478,0.8844594594594595,0.001493425528319689,0.0013406190626435589,True,26476
0.75,centred,0.36621,0.13754991676464545,1.0521764776783238,True,0.99756,0.9540540540540541,0.0016493729272632305,0.0002061078471363248,True,26476
1.5,literal,0.36739,0.46021262095563564,1.3814395518845224,True,0.99504,0.8945945945945946,0.0022029583787939937,0.0012688768696650767,True,26476
1.5,centred,0.36744,0.47388476943830415,1.381439551884478,True,0.99879,0.9756756756756757,0.002086893817744595,0.00031948261647022453,True,26476
0.0,literal,0.03152,3.3576112672426994,3.6887123105971975,True,0.99848,0.8822618125484121,0.001365815390993003,0.0011549484381368237,True,26517
0.0,centred,0.03169,3.9150603127830363,3.6887123105971975,True,0.99919,0.9372579395817195,0.0016534837863278328,0.00022568344537065538,True,26517
0.75,literal,0.03187,4.5053004786492545,4.804593751877828,True,0.99867,0.8969790859798605,0.0019024955683215705,0.0011339335597960161,True,26517
0.75,centred,0.03205,5.095540644515495,4.804593751877828,True,0.99955,0.965143299767622,0.002216215085327635,0.0002665993127100833,True,26517
1.5,literal,0.03225,5.751363051033542,5.8296915731427035,True,0.99865,0.895429899302866,0.002467978159272706,0.00123909668435057,True,26517
1.5,centred,0.03235,6.079274254292533,5.8296915731427035,True,0.99983,0.9868319132455461,0.0026804364320291616,0.0002599270170245187,True,26517
0.0,literal,0.11143,1.880612084338762,1.7213624150072437,True,0.99683,0.8789363191042687,0.0014590419741842928,0.0012973148442797316,True,26571
0.0,centred,0.11149,1.935470172152276,1.7213624150072215,True,0.99785,0.9090272918124562,0.0013833248981673979,0.0002502776636920681,False,26571
0.75,literal,0.11224,2.6211962698212687,2.4763236881212736,True,0.9969,0.8817354793561931,0.0020628418289167596,0.0013368809659402802,True,26571
0.75,centred,0.11238,2.749198474719461,2.4763236881212736,True,0.99874,0.9482155353393982,0.0022117836928769057,0.0002307835129548057,True,26571
1.5,literal,0.11311,3.4166385431172674,3.1747869013989405,True,0.99711,0.893631910426872,0.002760793796656738,0.0013039434455786223,True,26571
1.5,centred,0.11313,3.4349245723884314,3.1747869013989405,True,0.99947,0.9748075577326802,0.0027606071488344317,0.000366386738436594,True,26571
0.0,literal,0.05233,2.926661014510712,2.691957390394739,True,0.99756,0.8528428093645485,0.0016449035443603449,0.0015801234120820778,True,26590
0.0,centred,0.05215,2.5726231971475944,2.6919573903946947,True,0.99852,0.9090301003344482,0.0015836147236415658,0.000222358374550045,True,26590
0.75,literal,0.05279,3.8314243255497704,3.810339273749852,True,0.99762,0.8568561872909699,0.002152131643259761,0.0015821374073291578,True,26590
0.75,centred,0.05272,3.6937429521308074,3.810339273749852,True,0.99909,0.9438127090301003,0.002198338181195553,0.00021230155104309345,True,26590
1.5,literal,0.05341,5.050887918689417,4.851854032667058,True,0.99764,0.8595317725752508,0.0028574112725153673,0.0015878987694224209,True,26590
1.5,centred,0.05336,4.952544080533006,4.85185403266708,True,0.99973,0.9846153846153847,0.0029709389500638043,0.0003584691254145775,True,26590
0.0,literal,0.07464,3.017130249517974,2.1016612715432093,True,0.99789,0.8882195448460509,0.0014107829719824012,0.00100687417439809,True,26626
0.0,centred,0.07473,3.141347046442644,2.1016612715432093,True,0.9984,0.9156626506024096,0.0014490715006503327,0.00023582617977902862,True,26626
0.75,literal,0.07507,3.6106105014913403,2.9733550095403682,True,0.99806,0.8975903614457831,0.0018512988071863444,0.0009659300445230807,True,26626
0.75,centred,0.07535,3.9970627585902863,2.9733550095403682,True,0.99902,0.9464524765729585,0.0020942830721192335,0.0002542920963252588,True,26626
1.5,literal,0.07582,4.645750475863508,3.78202510378034,True,0.99821,0.9069611780455153,0.0025019237662252804,0.0009895810946275434,True,26626
1.5,centred,0.07593,4.797571005438095,3.78202510378034,True,0.9996,0.9759036144578314,0.002693796402795411,0.00031207931540394487,True,26626
0.0,literal,0.32732,0.8141575998084516,0.7346029382820918,True,0.99511,0.8855989232839838,0.001154094777149167,0.0012478705997715984,True,26662
0.0,centred,0.32722,0.7833577227462918,0.7346029382821362,True,0.99655,0.9165545087483177,0.0009929912454373106,0.0001959894204260952,True,26662
0.75,literal,0.32857,1.1991560630852272,1.0765560784068207,True,0.99532,0.8862718707940781,0.0017036513940792192,0.0013049534309511088,True,26662
0.75,centred,0.32845,1.1621962106106665,1.0765560784068207,True,0.99778,0.9502018842530283,0.0016348880163475825,0.0001898564022741992,True,26662
1.5,literal,0.32959,1.5133148091190929,1.392535624461111,True,0.99546,0.8855989232839838,0.002224007069052849,0.001347919507814822,True,26662
1.5,centred,0.32954,1.4979148705880352,1.392535624461111,True,0.99885,0.9724091520861373,0.0020971788443934786,0.00022098273144641114,True,26662
0.0,literal,0.33195,0.4270779710305206,0.7527203857759401,True,0.99541,0.881770145310436,0.0009855546326294445,0.0012030468707675995,True,26726
0.0,centred,0.33207,0.4633823824073069,0.7527203857759179,True,0.99667,0.916776750330251,0.0010970490181079883,0.00020751568241492114,True,26726
0.75,literal,0.33325,0.8203757609456908,1.1071917237572393,True,0.99609,0.8963011889035667,0.001644687130244376,0.0012179713552415608,True,26726
0.75,centred,0.33313,0.7840713495689045,1.1071917237572393,True,0.99773,0.9431968295904888,0.0016608608166850671,0.0002142500425388091,True,26726
1.5,literal,0.33418,1.1017349491157624,1.4351380302278338,True,0.99624,0.9068692206076618,0.0020671818096625856,0.0011779717374034847,True,26726
1.5,centred,0.33428,1.1319886252630917,1.4351380302278782,True,0.99888,0.9709379128137384,0.002203272617240036,0.00022224167334499587,True,26726
0.0,literal,0.12421,2.0829412516275125,1.599169507388365,True,0.99634,0.8612754766600921,0.0012612893727307851,0.0013250933837451716,True,26731
0.0,centred,0.12414,2.0254112146931735,1.5991695073883871,True,0.99735,0.903353057199211,0.0013491606934631774,0.00014900605841614662,True,26731
0.75,literal,0.12513,2.8390503084787966,2.2797744886450477,True,0.99684,0.8829717291255753,0.0019519961834380593,0.001233197013374052,True,26731
0.75,centred,0.12529,2.9705475357572952,2.2797744886450477,True,0.9985,0.9487179487179487,0.002176151141633963,0.0002387613640830815,True,26731
1.5,literal,0.12591,3.4800992914614026,2.9104309373592985,True,0.99698,0.893491124260355,0.0025248885266828136,0.0012055318128972176,True,26731
1.5,centred,0.12616,3.6855637090840165,2.9104309373593207,True,0.99935,0.9789612097304405,0.002740043486867203,0.0003230638573057914,True,26731
0.0,literal,0.12845,1.5447557119730337,1.7646000382764315,True,0.99628,0.8790482485128883,0.0015573330035023474,0.0013370037526570237,True,26822
0.0,centred,0.12838,1.4894179704406207,1.7646000382764093,True,0.99719,0.9068076668869796,0.001406254850410524,0.00027399019797527576,True,26822
0.75,literal,0.12955,2.414348793196619,2.62267769691531,True,0.99656,0.8902842035690681,0.002328066270753359,0.0013682186796787343,True,26822
0.75,centred,0.12961,2.4617811430815317,2.6226776969152876,True,0.99842,0.9491077329808327,0.0022404123419080733,0.0002671505192553646,True,26822
1.5,literal,0.13075,3.3629957908950736,3.425743812776849,True,0.99672,0.8889623265036352,0.003085142610934394,0.0014219137317405379,True,26822
1.5,centred,0.1305,3.1653609997079,3.4257438127768713,True,0.99931,0.9729015201586253,0.002697670873874548,0.0003892850375637211,True,26822
0.0,literal,0.32937,1.610656021172785,0.7451291051214337,True,0.99553,0.8875582168995343,0.001022087657348296,0.001137848650953408,False,26929
0.0,centred,0.329,1.4965110087920674,0.7451291051214559,True,0.99638,0.9055222887558216,0.0009823613290094054,0.00017271811834521048,True,26929
0.75,literal,0.33048,1.9530910583149153,1.0970564251172155,True,0.99602,0.9008649367930806,0.0015396065980553442,0.0010828264893425383,True,26929
0.75,centred,0.33028,1.8913910516226373,1.0970564251172377,True,0.99766,0.93812375249501,0.0015954740572799032,0.00017676166374300308,True,26929
1.5,literal,0.33163,2.3078660967954745,1.4224969474404991,True,0.99633,0.9021956087824351,0.0020609969882786935,0.0011664448516943166,True,26929
1.5,centred,0.33164,2.3109510971301095,1.422496947440477,True,0.999,0.9667332002661344,0.00212407104848897,0.00027617590699610217,True,26929
0.0,literal,0.045,2.1692817276672605,3.1535673396979824,True,0.99822,0.8935888962326504,0.0016058612323383188,0.0012428583699677202,True,26939
0.0,centred,0.04503,2.2373945821523744,3.153567339698027,True,0.99867,0.9200264375413086,0.0015657133661648166,0.0002697012932078461,True,26939
0.75,literal,0.04563,3.599651671854609,4.416763318509931,True,0.99851,0.9101123595505618,0.00237561337655495,0.0011434059781551802,True,26939
0.75,centred,0.04565,3.6450602415113664,4.416763318509931,True,0.99929,0.9570389953734303,0.0022888258704091237,0.0002203549426042209,True,26939
1.5,literal,0.04607,4.598640204302917,5.595789745615587,True,0.99853,0.9107732980832782,0.0028666436679093852,0.001182799579168847,True,26939
1.5,centred,0.0462,4.89379590707173,5.595789745615565,True,0.99978,0.9861202908129544,0.0029818717793989205,0.0003424679506452279,True,26939
0.0,literal,0.16262,0.4793599226873724,1.2991338740247826,True,0.99648,0.8851802403204272,0.0011715036139627803,0.0010976555256172957,True,26973
0.0,centred,0.16269,0.5226113997171877,1.2991338740247826,True,0.99717,0.9025367156208278,0.0012213221514208086,0.0002483385679090814,True,26973
0.75,literal,0.16385,1.2393501619254899,1.9837316022139895,True,0.99721,0.9065420560747663,0.0019855025854046636,0.0010516195150603671,True,26973
0.75,centred,0.16396,1.3073167686866283,1.9837316022139895,True,0.99844,0.9499332443257676,0.0021560400778970856,0.00023938747675948167,True,26973
1.5,literal,0.16479,1.8201557106115596,2.6368618471781735,True,0.99759,0.9165554072096128,0.002649960505404314,0.0009506043151740704,True,26973
1.5,centred,0.16491,1.8943010998055287,2.6368618471781957,True,0.99939,0.9839786381842457,0.002826223002167705,0.0002992363068259198,True,26973
0.0,literal,0.07776,2.7962764083129255,1.9233471582182027,True,0.99768,0.8852459016393442,0.0014969096954042973,0.0012991785812044164,True,26977
0.0,centred,0.07768,2.690518922296148,1.9233471582182027,True,0.9985,0.9252459016393443,0.0014674243849282015,0.00020570987647501807,True,26977
0.75,literal,0.07836,3.589457553438802,2.668251255052123,True,0.9979,0.8977049180327868,0.0020942211732649712,0.0012386942160771573,True,26977
0.75,centred,0.07825,3.4440410101657326,2.6682512550521453,True,0.99907,0.9521311475409836,0.0020118842599960267,0.0002184007958643896,True,26977
1.5,literal,0.07889,4.290100898299998,3.3580386403816886,True,0.99785,0.8931147540983606,0.0026268184812885216,0.0013283425276443088,True,26977
1.5,centred,0.07886,4.250441841043706,3.3580386403816664,True,0.99968,0.9862295081967213,0.0026848726819295437,0.0003200533254223148,True,26977
0.0,literal,0.18436,1.3557988358401607,1.095257214419676,True,0.99651,0.8896276595744681,0.0013675469223351081,0.0012544498819798305,True,27011
0.0,centred,0.18411,1.2183560624133838,1.095257214419676,True,0.99752,0.9195478723404256,0.0012858431602563603,0.00021350392340140938,True,27011
0.75,literal,0.18527,1.8560905311136189,1.63533310022268,True,0.99688,0.9049202127659575,0.002077330347180948,0.0012304771621672362,True,27011
0.75,centred,0.18508,1.7516340233092675,1.63533310022268,True,0.99849,0.9507978723404256,0.001873206972470596,0.00019676842733911917,True,27011
1.5,literal,0.18614,2.3343913826388007,2.1383477810997142,True,0.99723,0.9168882978723404,0.0026400893028135715,0.0011165217258187726,True,27011
1.5,centred,0.18591,2.207944031086151,2.1383477810997142,True,0.99932,0.9773936170212766,0.0024245993417800695,0.00035387379908612175,True,27011
0.0,literal,0.21117,0.0022916721156951425,1.0862249934719959,True,0.99566,0.8625498007968128,0.0011033112463631467,0.0013649175328722715,True,27055
0.0,centred,0.21112,-0.021386476217899464,1.0862249934719959,True,0.99683,0.9070385126162018,0.0011772195604688477,0.0001930559854909371,True,27055
0.75,literal,0.2123,0.5374178244549999,1.617308743989021,True,0.99605,0.8758300132802125,0.0017877434353486192,0.0013635241770003658,True,27055
0.75,centred,0.21253,0.6463373067895573,1.6173087439890432,True,0.99824,0.9482071713147411,0.00201257300460551,0.00017302050790695824,True,27055
1.5,literal,0.2134,1.0583370877941478,2.1098699241445473,True,0.99637,0.8864541832669323,0.0024648173302851462,0.0013654821634171606,True,27055
1.5,centred,0.2136,1.1530496811285484,2.1098699241445695,True,0.99931,0.9741035856573705,0.002520689738382209,0.00030064818665751224,True,27055
0.0,literal,0.18751,0.7255480158634198,1.1979085442899828,True,0.99557,0.8708388814913449,0.0011803573277473786,0.0012339871233131045,True,27068
0.0,centred,0.18758,0.7631502150053704,1.1979085442899828,True,0.99672,0.9047936085219707,0.0012457616232412667,0.00020537003933829252,True,27068
0.75,literal,0.18891,1.4775919987027653,1.8451537801105644,True,0.99635,0.9001331557922769,0.002137917297708859,0.0011003736700266793,True,27068
0.75,centred,0.1889,1.472220255968204,1.8451537801105644,True,0.99804,0.9420772303595206,0.001982253088305161,0.00017604626370717222,True,27068
1.5,literal,0.19019,2.1651750687273097,2.457217320755878,True,0.99663,0.9021304926764314,0.002912204343519128,0.0011741738478010689,True,27068
1.5,centred,0.19009,2.1114576413816755,2.457217320755878,True,0.99923,0.9773635153129161,0.0027076330745897225,0.0003380513919324782,False,27068
0.0,literal,0.0434,1.250027005781984,3.5892752577667997,True,0.99791,0.8854237288135594,0.0015276160412539472,0.0011651652157511326,True,27164
0.0,centred,0.04351,1.5066514981929569,3.5892752577667997,True,0.99836,0.9071186440677966,0.001591870037839953,0.0002483286168961917,True,27164
0.75,literal,0.04424,3.2097049478293727,5.357976853853552,True,0.99825,0.9057627118644068,0.0023533948995385764,0.0011470178662119307,True,27164
0.75,centred,0.04417,3.0463984526587717,5.357976853853552,True,0.99902,0.943728813559322,0.002356912283674482,0.0003091920382251069,True,27164
1.5,literal,0.04482,4.562815907814488,7.036931677704805,True,0.99837,0.9132203389830509,0.0029833523138770917,0.001211584157622024,True,27164
1.5,centred,0.04491,4.772781401605264,7.036931677704739,True,0.99976,0.9857627118644068,0.0031998885954542004,0.0004356416065282533,True,27164
0.0,literal,0.19847,0.440257576077685,1.1293694969147783,True,0.99552,0.8599867285998672,0.0011809943987015224,0.0012332365064307055,True,27171
0.0,centred,0.19856,0.4858041230714205,1.1293694969147339,True,0.99671,0.8984737889847378,0.0012317479620073402,0.00021721829630401041,True,27171
0.75,literal,0.19973,1.0779092339900043,1.7062868478760818,True,0.99604,0.8779031187790312,0.0019394489541262841,0.0012227599385210453,True,27171
0.75,centred,0.19991,1.1690023279774753,1.7062868478760818,True,0.99806,0.93364299933643,0.001947179985130045,0.00021971492430261758,True,27171
1.5,literal,0.20086,1.6497714351335846,2.2500938666408565,True,0.99663,0.8971466489714665,0.0025683736723056765,0.0010896937348901005,True,27171
1.5,centred,0.20102,1.730743074233576,2.2500938666408565,True,0.99917,0.9754479097544791,0.0027005227515646806,0.00041052343882113035,True,27171
0.0,literal,0.05002,2.765821907407884,2.7551396230943714,True,0.99829,0.8938172043010753,0.0014869075342418853,0.0011349205683890565,True,27230
0.0,centred,0.04999,2.7041870681991265,2.7551396230943714,True,0.99866,0.915994623655914,0.0014887297324031378,0.00032607648082128005,True,27230
0.75,literal,0.05057,3.8957939595684943,3.9292072286147395,True,0.99828,0.894489247311828,0.002118742700223397,0.0012062632350460076,True,27230
0.75,centred,0.05068,4.121788370000634,3.9292072286147395,True,0.99935,0.9603494623655914,0.002274327063516422,0.0002278687345372601,True,27230
1.5,literal,0.0512,5.190125582952487,5.027826301354765,True,0.99835,0.8978494623655914,0.002877606870421298,0.0012046007321197393,True,27230
1.5,centred,0.05116,5.107945797340818,5.027826301354765,True,0.99977,0.9845430107526881,0.0028568095188176382,0.00028399791008032645,True,27230
0.0,literal,0.1239,2.2248990731736917,1.669710632777699,True,0.99652,0.8720472440944882,0.0014459114008348992,0.001289454722031808,True,27248
0.0,centred,0.12395,2.266152059078963,1.669710632777699,True,0.99751,0.9101049868766404,0.0014820964439419579,0.0002694659806288373,True,27248
0.75,literal,0.12504,3.165467151813095,2.533618438328733,True,0.99694,0.884514435695538,0.0021574086164115962,0.0012568373947371412,True,27248
0.75,centred,0.12504,3.165467151813095,2.533618438328733,True,0.9986,0.9501312335958005,0.0023073702494372074,0.00022442512367450252,True,27248
1.5,literal,0.12617,4.097784633271395,3.348182639163655,True,0.99729,0.902230971128609,0.0030649248619872287,0.0012101004498281318,True,27248
1.5,centred,0.1261,4.040030453004051,3.348182639163655,True,0.99966,0.9868766404199475,0.0030131972202611878,0.0003091926359396404,True,27248
