p,occ_err_pct,t50,id,render_s,fuse_s,total_s,n_faces,grid_box
0.10135,3.982784411345208,0.003314777203349672,24558,13.71899962425232,127.6551103591919,168.70102524757385,34688,"[[15, 0, 6], [241, 256, 250]]"
0.05815,5.556396010629472,0.003450367261729287,24611,9.121658325195312,87.2475061416626,125.62570238113403,32272,"[[0, 54, 2], [256, 202, 254]]"
0.35642,1.5330904369284193,0.002699304847956805,24853,17.324931144714355,112.26379942893982,146.73051023483276,15724,"[[12, 0, 0], [244, 256, 256]]"
0.06864,2.530279248995271,0.003055090353766751,24898,7.09254264831543,41.396228551864624,61.34353971481323,12828,"[[60, 63, 0], [196, 193, 256]]"
0.18888,2.5606227979454,0.0029219194414062863,24925,13.723076820373535,123.4086697101593,151.69346714019775,13380,"[[0, 12, 6], [256, 244, 250]]"
0.34835,1.792894624466368,0.0028108224012257177,24943,17.441584825515747,122.91164541244507,153.98231840133667,10504,"[[2, 0, 3], [254, 256, 253]]"
0.04013,8.089959157450831,0.0031924530641688127,24954,9.041163206100464,76.26683521270752,113.71157360076904,36856,"[[0, 33, 50], [256, 223, 206]]"
0.31834,2.213942524875123,0.002733810901024833,25022,13.661356687545776,112.0103235244751,140.1468117237091,13360,"[[12, 0, 6], [244, 256, 250]]"
0.25528,2.312192303696059,0.0029774840717516023,25026,11.602930545806885,105.04782938957214,125.97143959999084,5704,"[[10, 18, 0], [246, 238, 256]]"
0.02157,7.722004029411522,0.0028534118320375323,25039,4.230472564697266,42.57466769218445,57.069308280944824,13128,"[[39, 80, 0], [217, 176, 256]]"
0.07547,3.947159660252497,0.003103027229986393,25111,5.930722236633301,56.464006185531616,74.85898542404175,12176,"[[44, 0, 54], [212, 256, 202]]"
0.10645,6.240970390262501,0.0031411091459817675,25173,12.561896085739136,120.2152168750763,177.03613209724426,61488,"[[0, 17, 9], [256, 239, 247]]"
0.18948,2.211216587263576,0.0027541519318610283,25183,8.960532426834106,82.58488726615906,102.41033673286438,8832,"[[0, 34, 25], [256, 222, 231]]"
0.04412,5.949110172733629,0.0031705465013384788,25201,5.195244550704956,119.17219996452332,137.76943469047546,14160,"[[0, 32, 16], [256, 224, 240]]"
0.36171,1.425712824804104,0.0027296087580843302,25217,14.044328212738037,115.87280130386353,143.82596278190613,10580,"[[5, 2, 0], [251, 254, 256]]"
0.09387,5.033777617116586,0.0036045990329939396,25252,8.462632894515991,104.49223279953003,138.61008477210999,31872,"[[12, 0, 32], [244, 256, 224]]"
0.12355,4.051664482149753,0.003071030533905134,25261,10.29259729385376,122.41899156570435,169.1738796234131,49100,"[[0, 23, 0], [256, 233, 256]]"
0.13517,4.060892088510681,0.002990429508293757,25284,7.410844326019287,57.342912435531616,73.6088764667511,6640,"[[0, 28, 58], [256, 228, 198]]"
0.3634,1.7743860640920595,0.0028668991757197252,25360,13.775026798248291,118.22230458259583,145.26568818092346,10552,"[[6, 0, 2], [250, 256, 254]]"
0.09558,4.628405155308402,0.0031137820821068576,25485,7.89867639541626,86.37382316589355,118.73378396034241,31768,"[[0, 48, 11], [256, 208, 245]]"
0.32254,1.3999428849051254,0.0028537180611601528,25501,12.71357011795044,107.40617442131042,131.10144782066345,7256,"[[0, 0, 22], [256, 256, 234]]"
0.20225,2.2151936739249978,0.002880923491437476,25535,9.342947006225586,101.69517207145691,120.08631563186646,6628,"[[20, 19, 0], [236, 237, 256]]"
0.13248,2.1344651762100098,0.002908143088298714,25555,8.935458421707153,75.17906761169434,104.47920894622803,23956,"[[0, 25, 46], [256, 231, 210]]"
0.3182,1.3207432093858662,0.0025788080168852997,25588,12.57023811340332,109.70768213272095,133.30938982963562,7864,"[[13, 0, 6], [243, 256, 250]]"
0.26523,2.2868864398659428,0.002917078956077728,25611,12.127913475036621,105.79773736000061,132.3686420917511,13724,"[[7, 0, 21], [249, 256, 235]]"
0.01379,9.854995691518287,0.0029848708666934728,25616,2.796889305114746,51.63280534744263,63.576151609420776,15812,"[[59, 0, 55], [197, 256, 201]]"
0.17876,8.05998115671458,0.0044481338389887925,25660,11.311882257461548,85.19846844673157,120.19867253303528,30120,"[[38, 0, 17], [218, 256, 239]]"
0.04938,6.855688233455703,0.0030393167508972795,25704,5.010288953781128,54.463533878326416,75.81216740608215,18140,"[[0, 41, 61], [256, 215, 195]]"
0.05302,4.102450478811792,0.0030501155153197885,25794,6.436392068862915,67.20323061943054,100.39227080345154,35524,"[[46, 0, 40], [210, 256, 216]]"
0.04886,6.552073148861415,0.003154604468995389,25822,5.843663454055786,126.69642496109009,159.9744222164154,36704,"[[29, 0, 6], [227, 256, 250]]"
0.13321,3.0403786793143706,0.003510756163812725,25896,10.493921041488647,92.60250401496887,123.07054209709167,23088,"[[43, 9, 0], [213, 247, 256]]"
0.1976,1.4646957949723038,0.0029629823334311467,25962,11.480178356170654,94.51667189598083,120.80603408813477,14820,"[[0, 20, 28], [256, 236, 228]]"
0.18146,3.2559435274525095,0.003011337197248138,26121,10.579584121704102,90.87757754325867,115.25994157791138,14420,"[[29, 22, 0], [227, 234, 256]]"
0.16921,2.980347058709354,0.003114368340876133,26135,9.794710874557495,103.95160698890686,126.07157397270203,11876,"[[0, 19, 20], [256, 237, 236]]"
0.06087,5.36293748218557,0.003001781292411753,26173,5.355381488800049,42.10753154754639,61.67217659950256,16876,"[[49, 69, 0], [207, 187, 256]]"
0.13501,4.290852312724547,0.0030079180127750285,26177,8.72074842453003,123.29116320610046,148.36417388916016,18004,"[[0, 0, 26], [256, 256, 230]]"
0.32535,0.8364971156037626,0.0027059926561815105,26200,13.649905920028687,108.37115263938904,130.70128870010376,4788,"[[20, 0, 4], [236, 256, 252]]"
0.09062,4.464559922514244,0.0030846009784173713,26259,9.612262487411499,71.67140865325928,115.22857165336609,46672,"[[49, 0, 26], [207, 256, 230]]"
0.24876,2.5302083007884946,0.0029764108088238743,26376,11.90242052078247,108.06801199913025,136.54996633529663,18076,"[[0, 2, 25], [256, 254, 231]]"
0.0713,5.644352277416553,0.0027856318960428226,26425,5.992222547531128,50.290648221969604,69.06522560119629,14100,"[[26, 74, 0], [230, 182, 256]]"
0.36865,0.8047507627188866,0.0026052773867578606,26476,14.366112232208252,119.18022584915161,144.5884771347046,7496,"[[4, 4, 0], [252, 252, 256]]"
0.0325,6.571141059181085,0.0029030955843765377,26517,4.491243124008179,56.30024838447571,72.75349617004395,15076,"[[53, 51, 0], [203, 205, 256]]"
0.11364,3.9012183188033456,0.0032268488779633735,26571,8.0670485496521,69.36207175254822,94.77027893066406,18880,"[[38, 0, 40], [218, 256, 216]]"
0.05363,5.48360080657766,0.0032613425609658076,26590,5.565356969833374,57.18821120262146,82.98810005187988,26556,"[[67, 31, 0], [189, 225, 256]]"
0.07633,5.349645658436564,0.0031494567296106576,26626,6.56656289100647,65.78000545501709,87.60061979293823,17780,"[[48, 0, 39], [208, 256, 217]]"
0.33067,1.84595348139025,0.0026156706819122117,26662,13.754467964172363,112.5527913570404,136.84522247314453,6908,"[[14, 3, 0], [242, 253, 256]]"
0.3354,1.4708297981130602,0.002755436680163103,26726,13.753155708312988,113.0482873916626,136.72064566612244,5740,"[[14, 2, 0], [242, 254, 256]]"
0.12679,4.2033340414930676,0.0031213794963241464,26731,8.39894700050354,82.52520418167114,108.7464714050293,18988,"[[47, 0, 17], [209, 256, 239]]"
0.13119,3.71083302338453,0.003233501894822124,26822,10.024490118026733,113.25725531578064,137.67644715309143,12896,"[[37, 0, 0], [219, 256, 256]]"
0.33262,2.6132811299222736,0.00269541034029683,26929,14.574232816696167,112.20699214935303,137.51505780220032,7028,"[[16, 0, 4], [240, 256, 252]]"
0.04636,5.257064464325656,0.003187209747745562,26939,5.582704305648804,39.103580713272095,63.81526589393616,22952,"[[76, 0, 47], [180, 256, 209]]"
0.16552,2.271206828208183,0.0031509126468613337,26973,9.261800527572632,67.52044343948364,90.56750011444092,13864,"[[55, 0, 17], [201, 256, 239]]"
0.07918,4.673471785110839,0.002971459501429066,26977,5.460364580154419,54.081555128097534,67.78899693489075,7356,"[[57, 46, 0], [199, 210, 256]]"
0.18659,2.5817883748069814,0.0028909715028372965,27011,9.452544927597046,71.26661777496338,93.08947229385376,11324,"[[50, 19, 0], [206, 237, 256]]"
0.21429,1.4798081281321984,0.0029964039171079997,27055,9.654640674591064,95.84085011482239,115.97269797325134,7752,"[[39, 0, 0], [217, 256, 256]]"
0.19086,2.52508183194331,0.003175744536017237,27068,10.504185914993286,74.70106649398804,97.19957065582275,10312,"[[54, 6, 0], [202, 250, 256]]"
0.04515,5.332689385047384,0.003481487999840169,27164,5.937654495239258,38.79865741729736,61.3347864151001,19496,"[[85, 30, 0], [171, 226, 256]]"
0.20185,2.1507834520646973,0.003142554426573997,27171,9.606820821762085,77.05268740653992,95.8082447052002,6544,"[[49, 0, 10], [207, 256, 246]]"
0.05133,5.4572098861904506,0.0030947211847967625,27230,5.35877537727356,42.309181213378906,58.25191926956177,10060,"[[85, 22, 0], [171, 234, 256]]"
0.12644,4.320550757159669,0.003259118473485928,27248,8.05908727645874,53.713624715805054,70.04076719284058,6548,"[[71, 17, 0], [185, 239, 256]]"
