group,method,n,bias_pct,median_abs_pct
low_occupancy,uncorrected,181,13.018616625999215,11.631825786929696
low_occupancy,global_train_mean,181,9.038457207114247,7.7005047699374884
low_occupancy,occupancy_only_ols,181,1.8151350385813099,2.765872259536306
other_occupancy,uncorrected,2547,3.8917897078421717,3.2840690393154404
other_occupancy,global_train_mean,2547,0.23304836331787673,1.4252131087663322
other_occupancy,occupancy_only_ols,2547,-0.12270528651779403,0.6253772173402616
watertight,uncorrected,2728,4.497345306150979,3.4814156203977986
watertight,global_train_mean,2728,0.8172782022941022,1.502812350128463
watertight,occupancy_only_ols,2728,0.005868430066860598,0.6635948335776243
